Spieler_ID;Vereins_ID;Trikot_Nr;Spieler_Name;Land;Spiele;Tore;Vorlagen;
1;1;36;Christian Früchtl;Deutschland;0;0;0;
2;1;42;Ron Thorben Hofmann;Deutschland;0;0;0;
3;1;1;Manuel Neuer;Deutschland;3;0;0;
4;1;22;Tom Starke;Deutschland;2;0;0;
5;1;26;Sven Ulreich;Deutschland;23;0;0;
6;1;37;Leo Weinkauf;Deutschland;0;0;0;
7;1;27;David Alaba;Österreich;22;1;0;
8;1;14;Juan Bernat;Spanien;7;0;0;
9;1;17;Jerome Boateng;Deutschland;17;1;0;
10;1;13;Rafinha;Brasilien;21;0;0;
11;1;20;Felix Götze;Deutschland;0;0;0;
12;1;5;Mats Hummels;Deutschland;22;1;0;
13;1;32;Joshua Kimmich;Deutschland;24;1;0;
14;1;4;Niklas Süle;Deutschland;21;1;0;
15;1;6;Thiago;Spanien;14;1;0;
16;1;40;Fabian Benko;Deutschland;0;0;0;
17;1;30;Niklas Dorsch;Deutschland;0;0;0;
18;1;8;Javi Martinez;Spanien;18;1;0;
19;1;7;Franck Ribery;Frankreich;18;5;0;
20;1;10;Arjen Robben;Niederlande;19;4;0;
21;1;11;James ;Kolumbien;18;5;0;
22;1;19;Sebastian Rudy;Deutschland;19;0;0;
23;1;16;Meritan Shabani;Albanien;0;0;0;
24;1;24;Corentin Tolisso;Frankreich;21;3;0;
25;1;23;Arturo Vidal;Chile;22;6;0;
26;1;29;Kingsley Coman;Frankreich;21;3;0;
27;1;11;Douglas Costa;Brasilien;0;0;0;
28;1;9;Robert Lewandowski;Polen;26;26;0;
29;1;25;Thomas Müller;Deutschland;24;7;0;
30;1;41;Milos Pantovic;Serbien;0;0;0;
31;1;2;Sandro Wagner;Deutschland;8;4;0;
32;1;38;Manuel Wintzheimer;Deutschland;0;0;0;
33;2;1;Ralf Fährmann;Deutschland;28;0;0;
34;2;34;Michael Langer;Österreich;0;0;0;
35;2;35;Alexander Nübel;Deutschland;0;0;0;
36;2;14;Abdul Rahman Baba;Ghana;0;0;0;
37;2;3;Pablo Insua;Spanien;1;0;0;
38;2;20;Thilo Kehrer;Deutschland;22;1;0;
39;2;5;Matija Nastasic;Serbien;23;0;0;
40;2;24;Bastian Oczipka;Deutschland;26;0;0;
41;2;21;Sascha Riether;Deutschland;0;0;0;
42;2;29;Naldo;Brasilien;28;5;0;
43;2;10;Nabil Bentaleb;Algerien;12;4;0;
44;2;18;Daniel Caligiuri;Italien;27;5;0;
45;2;8;Leon Goretzka;Deutschland;20;4;0;
46;2;25;Amine Harit;Marokko;25;3;0;
47;2;11;Yevgen Konoplyanka;Ukraine;22;2;0;
48;2;2;Weston McKennie;Vereinigte Staaten;16;0;0;
49;2;7;Maximilian Meyer;Deutschland;23;0;0;
50;2;28;Alessandro Schöpf;Österreich;12;0;0;
51;2;17;Benjamin Stambouli;Frankreich;22;0;0;
52;2;19;Guido Burgstaller;Österreich;26;9;0;
53;2;9;Franco Di Santo;Argentinien;25;3;0;
54;2;36;Breel Embolo;Schweiz;19;2;0;
55;2;22;Marko Pjaca;Kroatien;6;2;0;
56;2;23;Cedric Teuchert;Deutschland;1;0;0;
57;3;38;Roman Bürki;Schweiz;27;0;0;
58;3;35;Dominik Reimann;Deutschland;0;0;0;
59;3;1;Roman Weidenfeller;Deutschland;1;0;0;
60;3;16;Manuel Akanji;Schweiz;7;0;0;
61;3;24;Jan-Niklas Beste;Deutschland;0;0;0;
62;3;37;Erik Durm;Deutschland;0;0;0;
63;3;13;Raphael Guerreiro;Portugal;8;1;0;
64;3;25;Sokratis;Griechenland;24;2;0;
65;3;26;Lukasz Piszczek;Polen;18;0;0;
66;3;29;Marcel Schmelzer;Deutschland;14;0;0;
67;3;15;Jeremy Toljan;Deutschland;14;1;0;
68;3;36;Ömer Toprak;Türkei;21;0;0;
69;3;2;Dan Axel Zagadou;Frankreich;11;1;0;
70;3;27;Gonzalo Castro;Deutschland;19;0;0;
71;3;19;Mahmoud Dahoud;Deutschland;21;0;0;
72;3;10;Mario Götze;Deutschland;19;2;0;
73;3;23;Shinji Kagawa;Japan;18;5;0;
74;3;33;Mikel Merino;Spanien;0;0;0;
75;3;22;Christian Pulisic;Vereinigte Staaten;26;3;0;
76;3;18;Sebastian Rode;Deutschland;0;0;0;
77;3;8;Nuri Sahin;Türkei;15;2;0;
78;3;21;Andre Schürrle;Deutschland;14;1;0;
79;3;33;Julian Weigl;Deutschland;20;1;0;
80;3;44;Michy Batshuayi;Belgien;7;6;0;
81;3;0;Sergio Gomez;Spanien;0;0;0;
82;3;0;Sergio Gomez;Spanien;0;0;0;
83;3;14;Alexander Isak;Schweden;5;0;0;
84;3;20;Maximilian Philipp;Deutschland;16;6;0;
85;3;11;Marco Reus;Deutschland;6;3;0;
86;3;9;Andriy Yarmolenko;Ukraine;16;3;0;
87;4;1;Fabio Coltorti;Schweiz;0;0;0;
88;4;32;Peter Gulacsi;Ungarn;27;0;0;
89;4;22;Philipp Kohn;Schweiz;0;0;0;
90;4;28;Yvon Mvogo;Schweiz;1;0;0;
91;4;3;Bernardo;Brasilien;14;1;0;
92;4;23;Marcel Halstenberg;Deutschland;15;2;0;
93;4;16;Lukas Klostermann;Deutschland;21;1;0;
94;4;6;Ibrahima Konate;Frankreich;12;0;0;
95;4;4;Willi Orban;Deutschland;22;3;0;
96;4;20;Benno Erik Schmitz;Deutschland;1;0;0;
97;4;5;Dayot Upamecano;Frankreich;23;1;0;
98;4;40;Elias Abouchabaka;Deutschland;0;0;0;
99;4;31;Diego Demme;Deutschland;25;0;0;
100;4;13;Stefan Ilsanker;Österreich;16;0;0;
101;4;24;Dominik Kaiser;Deutschland;8;0;0;
102;4;44;Kevin Kampl;Slowenien;21;1;0;
103;4;8;Naby Keita;Unbekannt;22;5;0;
104;4;27;Konrad Laimer;Österreich;20;0;0;
105;4;7;Marcel Sabitzer;Österreich;21;2;0;
106;4;29;Jean-Kevin Augustin;Frankreich;21;6;0;
107;4;10;Emil Forsberg;Schweden;18;2;0;
108;4;0;Nicolas Kuhn;Deutschland;0;0;0;
109;4;18;Ademola Lookman;England;5;1;0;
110;4;9;Yussuf Poulsen;Dänemark;25;4;0;
111;4;27;Davie Selke;Deutschland;0;0;0;
112;4;17;Bruma;Portugal;24;3;0;
113;4;11;Timo Werner;Deutschland;26;11;0;
114;5;1;Bernd Leno;Deutschland;28;0;0;
115;5;36;Niklas Lomb;Deutschland;0;0;0;
116;5;28;Ramazan Özcan;Türkei;0;0;0;
117;5;4;Jonathan Tah;Deutschland;25;0;0;
118;5;16;Tin Jedvaj;Kroatien;4;0;0;
119;5;18;Wendell;Brasilien;23;2;0;
120;5;3;Takis Retsos;Griechenland;19;0;0;
121;5;23;Atakan Akkaynak;Deutschland;0;0;0;
122;5;20;Charles Aranguiz;Chile;21;1;0;
123;5;15;Julian Baumgartlinger;Österreich;17;1;0;
124;5;38;Karim Bellarabi;Deutschland;19;1;0;
125;5;8;Lars Bender;Deutschland;17;2;0;
126;5;5;Sven Bender;Deutschland;26;2;0;
127;5;10;Julian Brandt;Deutschland;28;6;0;
128;5;37;Marlon Frey;Deutschland;0;0;0;
129;5;29;Kai Havertz;Deutschland;24;2;0;
130;5;39;Benjamin Henrichs;Deutschland;19;0;0;
131;5;21;Dominik Kohr;Deutschland;23;1;0;
132;5;30;Sam Francis Schreck;Deutschland;0;0;0;
133;5;22;Vladlen Yurchenko;Ukraine;0;0;0;
134;5;13;Lucas Alario;Argentinien;19;7;0;
135;5;9;Leon Bailey;Jamaika;24;9;0;
136;5;11;Stefan Kießling;Deutschland;6;0;0;
137;5;17;Joel Pohjanpalo;Finnland;7;1;0;
138;5;31;Kevin Volland;Deutschland;26;10;0;
139;6;34;Leon Bätge;Deutschland;0;0;0;
140;6;1;Lucas Hradecky;Finnland;28;0;0;
141;6;19;David Abraham;Argentinien;22;0;0;
142;6;26;Deji Beyreuther;Deutschland;0;0;0;
143;6;22;Timothy Chandler;Vereinigte Staaten;21;2;0;
144;6;24;Danny Da Costa;Deutschland;11;1;0;
145;6;3;Simon Falette;Frankreich;24;1;0;
146;6;35;Noel Knothe;Deutschland;0;0;0;
147;6;23;Marco Russ;Deutschland;14;1;0;
148;6;13;Carlos Salcedo;Mexiko;19;0;0;
149;6;33;Taleb Tawatha;Israel;13;0;0;
150;6;15;Jetro Willems;Niederlande;17;0;0;
151;6;28;Aymen Barkok;Deutschland;8;0;0;
152;6;7;Danny Blum;Deutschland;1;1;0;
153;6;17;Kevin-Prince Boateng;Ghana;27;6;0;
154;6;42;Marijan Cavar;Bosnien-Herzegowina;0;0;0;
155;6;6;Jonathan de Guzman;Niederlande;11;0;0;
156;6;10;Marco Fabian;Mexiko;3;0;0;
157;6;5;Gelson Fernandes;Schweiz;16;0;0;
158;6;11;Mijat Gacinovic;Serbien;24;1;0;
159;6;20;Makoto Hasebe;Japan;21;0;0;
160;6;40;Daichi Kamada;Japan;3;0;0;
161;6;39;Omar Mascarell;Äquatorialguinea;5;0;0;
162;6;21;Marc Stendera;Deutschland;7;0;0;
163;6;27;Marius Wolf;Deutschland;23;4;0;
164;6;38;Renat Dadashov;Aserbaidschan;0;0;0;
165;6;9;Sebastian Haller;Frankreich;26;8;0;
166;6;31;Branimir Hrgota;Schweden;5;0;0;
167;6;8;Luka Jovic;Serbien;16;7;0;
168;6;32;Nelson Mandela Mbouhom;Kamerun;0;0;0;
169;6;14;Alexander Meier;Deutschland;0;0;0;
170;6;4;Ante Rebic;Kroatien;25;6;0;
171;7;1;Oliver Baumann;Deutschland;28;0;0;
172;7;36;Gregor Kobel;Schweiz;0;0;0;
173;7;33;Alexander Stolz;Deutschland;0;0;0;
174;7;25;Kevin Akpoguma;Deutschland;16;0;0;
175;7;0;Kevin Akpoguma;Deutschland;16;0;0;
176;7;4;Ermin Bicakcic;Bosnien-Herzegowina;7;0;0;
177;7;41;Johannes Buhler;Deutschland;0;0;0;
178;7;24;Justin Hoogma;Niederlande;0;0;0;
179;7;21;Benjamin Hübner;Deutschland;24;3;0;
180;7;3;Pavel Kaderabek;Tschechien;23;0;0;
181;7;6;Haavard Nordtveit;Norwegen;10;0;0;
182;7;31;Felix Passlack;Deutschland;2;0;0;
183;7;38;Stefan Posch;Österreich;9;0;0;
184;7;42;Alexander Rossipal;Deutschland;0;0;0;
185;7;16;Nico Schulz;Deutschland;21;1;0;
186;7;18;Nadiem Amiri;Deutschland;22;2;0;
187;7;10;Kerem Demirbay;Deutschland;15;2;0;
188;7;32;Dennis Geiger;Deutschland;21;2;0;
189;7;11;Florian Grillitsch;Österreich;20;1;0;
190;7;37;Robin Hack;Deutschland;1;1;0;
191;7;8;Eugen Polanski;Polen;8;0;0;
192;7;7;Lukas Rupp;Deutschland;17;2;0;
193;7;16;Pirmin Schwegler;Schweiz;0;0;0;
194;7;22;Kevin Vogt;Deutschland;26;0;0;
195;7;43;Maximilian Waack;Deutschland;0;0;0;
196;7;17;Steven Zuber;Schweiz;17;1;0;
197;7;29;Serge Gnabry;Deutschland;18;7;0;
198;7;27;Andrej Kramaric;Kroatien;28;9;0;
199;7;26;David Otto;Deutschland;0;0;0;
200;7;35;Meris Skenderovic;Deutschland;0;0;0;
201;7;28;Adam Szalai;Ungarn;13;3;0;
202;7;19;Mark Uth;Deutschland;26;12;0;
203;7;44;Nicolas Wahling;Deutschland;0;0;0;
204;8;13;Jens Grahl;Deutschland;0;0;0;
205;8;16;Ron-Robert Zieler;Deutschland;28;0;0;
206;8;3;Dennis Aogo;Deutschland;24;0;0;
207;8;28;Holger Badstuber;Deutschland;21;2;0;
208;8;5;Timo Baumgartl;Deutschland;24;0;0;
209;8;32;Andreas Beck;Deutschland;21;1;0;
210;8;29;Ailton;Brasilien;5;0;0;
211;8;2;Emiliano Insua;Argentinien;19;0;0;
212;8;35;Marcin Kaminski;Polen;19;0;0;
213;8;21;Benjamin Pavard;Frankreich;28;1;0;
214;8;19;Chadrac Akolo;Kongo DR;21;4;0;
215;8;6;Santiago Ascacibar;Argentinien;25;0;0;
216;8;24;Dzenis Burnic;Deutschland;6;0;0;
217;8;0;Dzenis Burnic;Deutschland;6;0;0;
218;8;20;Christian Gentner;Deutschland;21;0;0;
219;8;34;Jacob Bruun Larsen;Dänemark;2;0;0;
220;8;23;Orel Mangala;Belgien;16;0;0;
221;8;31;Berkay Ozcan;Türkei;13;0;0;
222;8;17;Erik Thommy;Deutschland;8;1;0;
223;8;25;Matthias Zimmermann;Deutschland;2;0;0;
224;8;11;Takuma Asano;Japan;15;1;0;
225;8;14;Anastasios Donis;Griechenland;14;1;0;
226;8;33;Daniel Ginczek;Deutschland;17;5;0;
227;8;27;Mario Gomez;Deutschland;11;6;0;
228;8;15;Carlos Mané;Portugal;0;0;0;
229;9;35;Moritz Nicolas;Deutschland;0;0;0;
230;9;21;Tobias Sippel;Deutschland;5;0;0;
231;9;1;Yann Sommer;Schweiz;24;0;0;
232;9;29;Mamadou Doucoure;Frankreich;0;0;0;
233;9;2;Mandela Egbo;England;1;0;0;
234;9;0;Mandela Egbo;England;1;0;0;
235;9;30;Nico Elvedi;Schweiz;27;1;0;
236;9;28;Matthias Ginter;Deutschland;28;5;0;
237;9;24;Tony Jantschke;Deutschland;12;0;0;
238;9;27;Julian Korb;Deutschland;0;0;0;
239;9;42;Florian Mayer;Deutschland;1;0;0;
240;9;0;Florian Mayer;Deutschland;1;0;0;
241;9;3;Reece Oxford;England;6;0;0;
242;9;4;Jannik Vestergaard;Dänemark;27;3;0;
243;9;17;Oscar Wendt;Schweden;22;1;0;
244;9;22;Laszlo Benes;Slowakei;1;0;0;
245;9;38;Marcel Benger;Deutschland;1;0;0;
246;9;0;Marcel Benger;Deutschland;1;0;0;
247;9;27;Mickael Cuisance;Frankreich;19;0;0;
248;9;32;Vincenzo Grifo;Deutschland;15;0;0;
249;9;28;André Hahn;Deutschland;0;0;0;
250;9;7;Patrick Herrmann;Deutschland;21;0;0;
251;9;23;Jonas Hofmann;Deutschland;17;0;0;
252;9;19;Fabian Johnson;Vereinigte Staaten;10;1;0;
253;9;6;Christoph Kramer;Deutschland;22;2;0;
254;9;5;Tobias Strobl;Deutschland;0;0;0;
255;9;16;Ibrahima Traore;Unbekannt;3;0;0;
256;9;8;Denis Zakaria;Schweiz;25;2;0;
257;9;26;Raul Bobadilla;Paraguay;13;0;0;
258;9;11;Raffael;Brasilien;21;7;0;
259;9;18;Josip Drmic;Schweiz;9;1;0;
260;9;10;Thorgan Hazard;Belgien;28;8;0;
261;9;31;Ba-Muaka Simakala;Deutschland;0;0;0;
262;9;13;Lars Stindl;Deutschland;28;5;0;
263;9;20;Julio Villalba;Paraguay;1;0;0;
264;10;24;Ioannis Gelios;Griechenland;0;0;0;
265;10;13;Fabian Giefer;Deutschland;0;0;0;
266;10;35;Marwin Hitz;Schweiz;28;0;0;
267;10;1;Andreas Luthe;Deutschland;0;0;0;
268;10;26;Simon Asta;Deutschland;0;0;0;
269;10;38;Kevin Danso;Österreich;14;2;0;
270;10;32;Raphael Framberger;Deutschland;9;0;0;
271;10;6;Jeffrey Gouweleeuw;Niederlande;21;0;0;
272;10;36;Martin Hinteregger;Österreich;24;0;0;
273;10;25;Kilian Jakob;Deutschland;1;0;0;
274;10;16;Christoph Janker;Deutschland;2;0;0;
275;10;31;Philipp Max;Deutschland;28;1;0;
276;10;4;Daniel Opare;Ghana;17;0;0;
277;10;3;Konstantinos Stafylidis;Griechenland;2;0;0;
278;10;10;Daniel Baier;Deutschland;26;0;0;
279;10;7;Marcel Heller;Deutschland;22;0;0;
280;10;20;Gojko Kacar;Serbien;5;1;0;
281;10;8;Rani Khedira;Deutschland;24;1;0;
282;10;19;Ja Cheol Koo;Republik Korea (Südkorea);25;2;0;
283;10;14;Jan Morávek;Tschechien;11;0;0;
284;10;17;Jonathan Schmid;Frankreich;19;0;0;
285;10;21;Sergio Cordova;Venezuela;20;1;0;
286;10;30;Caiuby;Portugal;27;5;0;
287;10;27;Alfred Finnbogason;Island;18;11;0;
288;10;11;Michael Gregoritsch;Österreich;27;11;0;
289;10;9;Shawn Parker;Deutschland;2;0;0;
290;10;23;Marco Richter;Deutschland;6;1;0;
291;11;22;Rune Jarstein;Norwegen;25;0;0;
292;11;33;Jonathan Klinsmann;Vereinigte Staaten;0;0;0;
293;11;1;Thomas Kraft;Deutschland;3;0;0;
294;11;31;Dennis Smarsch;Deutschland;0;0;0;
295;11;29;Florian Baak;Deutschland;0;0;0;
296;11;0;Florian Baak;Deutschland;0;0;0;
297;11;28;Fabian Lustenberger;Schweiz;19;0;0;
298;11;17;Maximilian Mittelstädt;Deutschland;9;0;0;
299;11;2;Peter Pekarik;Slowakei;13;0;0;
300;11;21;Marvin Plattenhardt;Deutschland;27;0;0;
301;11;4;Karim Rekik;Niederlande;20;2;0;
302;11;5;Niklas Stark;Deutschland;23;1;0;
303;11;25;Jordan Torunarigha;Deutschland;10;1;0;
304;11;23;Mitchell Weiser;Deutschland;22;1;0;
305;11;6;Vladimír Darida;Tschechien;15;0;0;
306;11;10;Ondrej Duda;Slowakei;13;1;0;
307;11;35;Sidney Friede;Deutschland;0;0;0;
308;11;30;Julius Kade;Deutschland;0;0;0;
309;11;20;Valentino Lazaro;Österreich;21;2;0;
310;11;26;Arne Maier;Deutschland;16;0;0;
311;11;0;Arne Maier;Deutschland;16;0;0;
312;11;3;Per Ciljan Skjelbred;Norwegen;23;0;0;
313;11;34;Maurice Covic;Deutschland;0;0;0;
314;11;32;Palko Dardai;Deutschland;0;0;0;
315;11;0;Palko Dardai;Deutschland;0;0;0;
316;11;7;Alexander Esswein;Deutschland;14;1;0;
317;11;19;Vedad Ibisevic;Bosnien-Herzegowina;22;4;0;
318;11;8;Salomon Kalou;Elfenbeinküste;25;10;0;
319;11;18;Sinan Kurt;Deutschland;0;0;0;
320;11;11;Mathew Leckie;Australien;21;4;0;
321;11;16;Julian Schieber;Deutschland;1;0;0;
322;11;27;Davie Selke;Deutschland;21;5;0;
323;12;33;Jaroslav Drobny;Tschechien;0;0;0;
324;12;1;Jiri Pavlenka;Tschechien;29;0;0;
325;12;30;Michael Zetterer;Deutschland;0;0;0;
326;12;5;Ludwig Augustinsson;Schweden;27;1;0;
327;12;4;Robert Bauer;Deutschland;16;0;0;
328;12;3;Luca Caldirola;Italien;1;0;0;
329;12;32;Marco Friedl;Österreich;4;0;0;
330;12;23;Theodor Gebre Selassie;Tschechien;27;2;0;
331;12;15;Sebastian Langkamp;Deutschland;6;0;0;
332;12;18;Niklas Moisander;Finnland;23;1;0;
333;12;13;Milos Veljkovic;Serbien;26;1;0;
334;12;28;Jesper Verlaat;Niederlande;0;0;0;
335;12;44;Philipp Bargfrede;Deutschland;23;1;0;
336;12;6;Thomas Delaney;Dänemark;28;2;0;
337;12;35;Maximilian Eggestein;Deutschland;28;2;0;
338;12;8;Jerome Gondorf;Deutschland;16;1;0;
339;12;16;Zlatko Junuzovic;Österreich;19;2;0;
340;12;7;Florian Kainz;Österreich;26;2;0;
341;12;14;Ole Käuper;Deutschland;1;0;0;
342;12;0;Ole Käuper;Deutschland;1;0;0;
343;12;22;Fin Bartels;Deutschland;14;2;0;
344;12;29;Ishak Belfodil;Algerien;24;4;0;
345;12;17;Justin Eilers;Deutschland;0;0;0;
346;12;9;Aron Johannsson;Vereinigte Staaten;11;1;0;
347;12;10;Max Kruse;Deutschland;24;6;0;
348;12;11;Milot Rashica;Unbekannt;4;1;0;
349;12;19;Yuning Zhang;China;0;0;0;
350;13;23;Michael Esser;Deutschland;2;0;0;
351;13;30;Samuel Radlinger;Österreich;0;0;0;
352;13;30;Marlon Sundermann;Deutschland;0;0;0;
353;13;1;Philipp Tschauner;Deutschland;27;0;0;
354;13;3;Miiko Albornoz;Chile;5;0;0;
355;13;31;Waldemar Anton;Deutschland;26;1;0;
356;13;33;Fynn Arkenberg;Deutschland;0;0;0;
357;13;2;Josip Elez;Kroatien;7;0;0;
358;13;15;Timo Hübers;Deutschland;0;0;0;
359;13;19;Florian Hübner;Deutschland;9;0;0;
360;13;4;Julian Korb;Deutschland;25;1;0;
361;13;22;Matthias Ostrzolek;Deutschland;26;0;0;
362;13;21;Lars Ritzka;Deutschland;0;0;0;
363;13;0;Lars Ritzka;Deutschland;0;0;0;
364;13;25;Oliver Sorg;Deutschland;19;0;0;
365;13;5;Felipe;Brasilien;6;0;0;
366;13;6;Marvin Bakalorz;Deutschland;24;0;0;
367;13;18;Iver Fossum;Norwegen;15;1;0;
368;13;10;Sebastian Maier;Deutschland;7;0;0;
369;13;7;Edgar Prib;Deutschland;0;0;0;
370;13;20;Salif Sané;Senegal;27;3;0;
371;13;8;Manuel Schmiedebach;Deutschland;6;0;0;
372;13;27;Pirmin Schwegler;Schweiz;25;0;0;
373;13;13;Ihlas Bebou;Togo;25;5;0;
374;13;35;Charlison Benschop;Niederlande;7;1;0;
375;13;9;Jonathas;Brasilien;12;3;0;
376;13;29;Mete Kaan Demir;Türkei;0;0;0;
377;13;16;Yousef Emghames;Deutschland;0;0;0;
378;13;24;Niclas Füllkrug;Deutschland;29;11;0;
379;13;14;Martin Harnik;Österreich;25;7;0;
380;13;26;Kenan Karaman;Türkei;19;0;0;
381;13;11;Felix Klaus;Deutschland;27;4;0;
382;13;40;Linton Maina;Deutschland;1;0;0;
383;13;0;Linton Maina;Deutschland;1;0;0;
384;13;37;Noah Joel Sarenren Bazee;Deutschland;4;0;0;
385;14;44;Rafal Gikiewicz;Polen;2;0;0;
386;14;21;Patric Klandt;Deutschland;0;0;0;
387;14;1;Alexander Schwolow;Deutschland;27;0;0;
388;14;26;Gaetan Bussmann;Frankreich;0;0;0;
389;14;5;Manuel Gulde;Deutschland;11;1;0;
390;14;30;Christian Günter;Deutschland;28;1;0;
391;14;2;Aleksandar Ignjovski;Serbien;0;0;0;
392;14;14;Patrick Kammerbauer;Deutschland;0;0;0;
393;14;20;Marc Kempf;Deutschland;8;0;0;
394;14;25;Robin Koch;Deutschland;20;2;0;
395;14;17;Lukas Kübler;Deutschland;11;0;0;
396;14;3;Philipp Lienhart;Österreich;11;0;0;
397;14;24;Georg Niedermeier;Deutschland;0;0;0;
398;14;52;Chima Okoroji;England;0;0;0;
399;14;4;Caglar Soyuncu;Türkei;22;1;0;
400;14;15;Pascal Stenzel;Deutschland;22;1;0;
401;14;6;Amir Abrashi;Albanien;12;0;0;
402;14;8;Mike Frantz;Deutschland;11;0;0;
403;14;27;Nicolas Höfler;Deutschland;21;0;0;
404;14;32;Bartosz Kapustka;Polen;6;1;0;
405;14;38;Florian Kath;Deutschland;21;1;0;
406;14;28;Jonas Meffert;Deutschland;0;0;0;
407;14;23;Julian Schuster;Deutschland;13;0;0;
408;14;22;Vincent Sierro;Schweiz;3;0;0;
409;14;33;Caleb Stanko;Vereinigte Staaten;6;0;0;
410;14;40;Mohamed Dräger;Tunesien;2;0;0;
411;14;31;Karim Guedé;Slowakei;2;0;0;
412;14;19;Janik Haberer;Deutschland;27;3;0;
413;14;9;Lucas Höler;Deutschland;10;0;0;
414;14;34;Tim Kleindienst;Deutschland;16;0;0;
415;14;7;Florian Niederlechner;Deutschland;10;2;0;
416;14;18;Nils Petersen;Deutschland;26;13;0;
417;14;16;Yoric Ravet;Frankreich;10;0;0;
418;14;13;Marco Terrazzino;Deutschland;21;0;0;
419;15;1;Koen Casteels;Belgien;28;0;0;
420;15;20;Max Grün;Deutschland;0;0;0;
421;15;36;Phillip Menzel;Deutschland;0;0;0;
422;15;25;John Anthony Brooks;Vereinigte Staaten;7;0;0;
423;15;2;William;Brasilien;16;0;0;
424;15;35;Gian Luca Itter;Deutschland;5;0;0;
425;15;39;Paul Jaeckel;Deutschland;0;0;0;
426;15;24;Sebastian Jung;Deutschland;2;0;0;
427;15;31;Robin Knoche;Deutschland;18;0;0;
428;15;29;Marcel Tisserand;Kongo DR;14;0;0;
429;15;17;Felix Ohis Uduokhai;Deutschland;16;1;0;
430;15;5;Jeffrey Bruma;Niederlande;10;0;0;
431;15;3;Paul Verhaegh;Niederlande;26;2;0;
432;15;27;Maximilian Arnold;Deutschland;23;2;0;
433;15;6;Riechedly Bazoer;Niederlande;9;0;0;
434;15;16;Jakub Blaszczykowski;Polen;7;1;0;
435;15;4;Ignacio Camacho;Spanien;10;0;0;
436;15;11;Daniel Didavi;Deutschland;26;6;0;
437;15;13;Yannick Gerhardt;Deutschland;16;1;0;
438;15;23;Josuha Guilavogui;Frankreich;26;2;0;
439;15;10;Yunus Malli;Türkei;25;5;0;
440;15;26;Justin Möbius;Deutschland;0;0;0;
441;15;37;Elvis Rexhbecaj;Albanien;2;0;0;
442;15;8;Renato Steffen;Schweiz;10;0;0;
443;15;21;Josip Brekalo;Kroatien;9;1;0;
444;15;9;Nany Dimata;Belgien;17;0;0;
445;15;22;Admir Mehmedi;Schweiz;5;1;0;
446;15;14;Divock Origi;Belgien;25;5;0;
447;15;18;Victor Osimhen;Nigeria;11;0;0;
448;16;1;René Adler;Deutschland;10;0;0;
449;16;0;Julian Bauer;Deutschland;0;0;0;
450;16;37;Finn Gilbert Dahmen;Deutschland;0;0;0;
451;16;22;Florian Müller;Deutschland;3;0;0;
452;16;27;Robin Zentner;Deutschland;15;0;0;
453;16;3;Leon Balogun;Nigeria;12;0;0;
454;16;16;Stefan Bell;Deutschland;22;1;0;
455;16;18;Daniel Brosinski;Deutschland;24;1;0;
456;16;26;Niko Bungert;Deutschland;0;0;0;
457;16;4;Abdou Diallo;Frankreich;23;2;0;
458;16;2;Giulio Donati;Italien;25;0;0;
459;16;42;Alexander Hack;Deutschland;9;1;0;
460;16;13;Marin Sverko;Kroatien;0;0;0;
461;16;5;Nigel de Jong;Niederlande;6;0;0;
462;16;25;Jean-Philippe Gbamin;Elfenbeinküste;24;0;0;
463;16;38;Gerrit Holtmann;Deutschland;14;2;0;
464;16;6;Danny Latza;Deutschland;26;2;0;
465;16;10;Alexandru Maxim;Rumänien;18;1;0;
466;16;8;Levin Öztunali;Deutschland;19;0;0;
467;16;7;Robin Quaison;Schweden;20;4;0;
468;16;5;Jose Rodriguez;Spanien;0;0;0;
469;16;23;Suat Serdar;Deutschland;22;2;0;
470;16;34;Bote Baku;Deutschland;0;0;0;
471;16;11;Emil Berggreen;Dänemark;13;4;0;
472;16;32;Pablo De Blasis;Argentinien;19;1;0;
473;16;19;Kenan Kodro;Bosnien-Herzegowina;8;0;0;
474;16;30;Heinz Mörschel;Deutschland;0;0;0;
475;16;9;Yoshinori Muto;Japan;23;7;0;
476;16;21;Karim Onisiwo;Österreich;5;0;0;
477;16;20;Anthony Ujah;Nigeria;8;0;0;
478;17;1;Timo Horn;Deutschland;28;0;0;
479;17;18;Thomas Kessler;Deutschland;0;0;0;
480;17;35;Sven Müller;Deutschland;0;0;0;
481;17;40;Yann Bisseck;Deutschland;3;0;0;
482;17;14;Jonas Hector;Deutschland;14;0;0;
483;17;3;Dominique Heintz;Deutschland;25;1;0;
484;17;23;Jannes-Kilian Horn;Deutschland;9;0;0;
485;17;24;Lukas Klünter;Deutschland;18;1;0;
486;17;27;Filip Kusic;Deutschland;1;0;0;
487;17;5;Dominic Maroh;Slowenien;8;0;0;
488;17;22;Mere;Spanien;17;1;0;
489;17;16;Pawel Olkowski;Polen;5;0;0;
490;17;4;Frederik Sörensen;Dänemark;26;2;0;
491;17;21;Leonardo Bittencourt;Deutschland;17;1;0;
492;17;17;Christian Clemens;Deutschland;10;1;0;
493;17;26;Chris Fuhrich;Deutschland;2;0;0;
494;17;6;Marco Höger;Deutschland;17;0;0;
495;17;8;Milos Jojic;Serbien;23;2;0;
496;17;41;Vincent Koziello;Frankreich;7;1;0;
497;17;33;Matthias Lehmann;Deutschland;20;0;0;
498;17;37;Anas Ouahim;Marokko;1;0;0;
499;17;20;Salih Ozcan;Deutschland;21;0;0;
500;17;38;Nikolas Terkelsen Nartey;Dänemark;1;0;0;
501;17;15;Jhon Cordoba;Kolumbien;13;0;0;
502;17;19;Sehrou Guirassy;Frankreich;15;4;0;
503;17;13;Yuya Osako;Japan;21;4;0;
504;17;39;Claudio Pizarro;Peru;11;1;0;
505;17;7;Marcel Risse;Deutschland;11;0;0;
506;17;9;Simon Terodde;Deutschland;9;5;0;
507;17;11;Simon Zoller;Deutschland;15;2;0;
508;18;30;Andreas Hirzel;Schweiz;0;0;0;
509;18;1;Christian Mathenia;Deutschland;24;0;0;
510;18;36;Tom Mickel;Deutschland;0;0;0;
511;18;13;Julian Pollersbeck;Deutschland;4;0;0;
512;18;46;Stephan Kofi Ambrosius;Deutschland;1;0;0;
513;18;38;Jonas Behounek;Deutschland;0;0;0;
514;18;2;Dennis Diekmeier;Deutschland;21;0;0;
515;18;28;Gideon Jung;Deutschland;25;1;0;
516;18;6;Douglas Santos;Brasilien;22;1;0;
517;18;5;Mergim Mavraj;Albanien;17;0;0;
518;18;22;Matthias Ostrzolek;Deutschland;0;0;0;
519;18;9;Kyriakos Papadopoulos;Griechenland;24;1;0;
520;18;24;Gotoku Sakai;Japan;22;0;0;
521;18;37;Young Jae Seo;Republik Korea (Südkorea);0;0;0;
522;18;22;Bjarne Thoelke;Deutschland;0;0;0;
523;18;4;Rick Van Drongelen;Niederlande;16;0;0;
524;18;20;Albin Ekdal;Schweden;13;0;0;
525;18;31;Mohamed Gouaida;Tunesien;1;0;0;
526;18;0;Mohamed Gouaida;Tunesien;1;0;0;
527;18;8;Lewis Holtby;Deutschland;10;2;0;
528;18;14;Aaron Hunt;Deutschland;23;1;0;
529;18;16;Vasilije Janjicic;Schweiz;7;0;0;
530;18;18;Bakery Jatta;Unbekannt;6;0;0;
531;18;17;Filip Kostic;Serbien;24;4;0;
532;18;27;Nicolai Müller;Deutschland;1;1;0;
533;18;23;Sejad Salihovic;Bosnien-Herzegowina;9;1;0;
534;18;12;Walace;Brasilien;18;1;0;
535;18;29;Ville Matti Steinmann;Deutschland;2;0;0;
536;18;47;Josha Vagnomann;Deutschland;1;0;0;
537;18;40;Jann-Fiete Arp;Deutschland;16;2;0;
538;18;39;Marco Drawz;Polen;0;0;0;
539;18;0;Marco Drawz;Polen;0;0;0;
540;18;11;André Hahn;Deutschland;23;3;0;
541;18;25;Mats Kohlert;Deutschland;0;0;0;
542;18;19;Sven Schipplock;Deutschland;10;0;0;
543;18;15;Luca Waldschmidt;Deutschland;15;0;0;
544;18;7;Bobby Shou Wood;Vereinigte Staaten;20;1;0;
545;19;1;Michael Rensing;Deutschland;3;0;0;
546;19;22;Thorsten Stuckmann;Deutschland;0;0;0;
547;19;38;Tim Wiesner;Deutschland;1;0;0;
548;19;30;Raphael Wolf;Deutschland;26;0;0;
549;19;5;Kaan Ayhan;Türkei;27;0;0;
550;19;13;Adam Bodzek;Deutschland;19;1;0;
551;19;32;Robin Bormuth;Deutschland;17;0;0;
552;19;23;Niko Gießelmann;Deutschland;28;1;0;
553;19;18;Gökhan Gül;Deutschland;0;0;0;
554;19;36;Anderson-Lenda Lucoqui;Deutschland;0;0;0;
555;19;0;Jean Ndecky;Senegal;0;0;0;
556;19;4;Julian Schauerte;Deutschland;14;0;0;
557;19;15;Lukas Schmitz;Deutschland;13;1;0;
558;19;39;Jean Zimmer;Deutschland;25;1;0;
559;19;14;Kaan Akca;Deutschland;0;0;0;
560;19;11;Axel Bellinghausen;Deutschland;1;0;0;
561;19;27;Taylan Duman;Deutschland;0;0;0;
562;19;7;Oliver Fink;Deutschland;22;0;0;
563;19;40;Kianz Gonzales Froese;Kanada;0;0;0;
564;19;3;Andre Hoffmann;Deutschland;20;2;0;
565;19;16;Havard Nielsen;Norwegen;18;0;0;
566;19;8;Jerome Julien Kiesewetter;Vereinigte Staaten;3;0;0;
567;19;24;Justin Toshiki Kinjo;Japan;0;0;0;
568;19;6;Florian Neuhaus;Deutschland;24;5;0;
569;19;31;Marcel Sobottka;Deutschland;27;4;0;
570;19;25;Genki Haraguchi;Japan;8;1;0;
571;19;28;Rouwen Hennings;Deutschland;28;11;0;
572;19;21;Emir Kujovic;Schweden;19;2;0;
573;19;19;Davor Lovren;Kroatien;11;1;0;
574;19;35;Karlo Majic;Kroatien;0;0;0;
575;19;9;Benito Raman;Belgien;23;9;0;
576;19;33;Takashi Usami;Japan;23;6;0;
577;20;24;Fabian Bredlow;Deutschland;17;0;0;
578;20;1;Thorsten Kirschbaum;Deutschland;11;0;0;
579;20;30;Johannes Kreidl;Österreich;0;0;0;
580;20;4;Ewerton;Brasilien;26;1;0;
581;20;2;Miso Brecko;Slowenien;5;0;0;
582;20;3;Ulisses Alexandre Garcia;Schweiz;2;0;0;
583;20;20;Lukas Jager;Österreich;0;0;0;
584;20;23;Tim Leibold;Deutschland;27;2;0;
585;20;34;Dennis Lippert;Deutschland;0;0;0;
586;20;38;Eduard Löwen;Deutschland;26;4;0;
587;20;33;Georg Margreitter;Österreich;18;2;0;
588;20;28;Lukas Muhl;Deutschland;13;0;0;
589;20;6;Laszlo Sepsi;Rumänien;1;0;0;
590;20;37;Enis Alushi;Unbekannt;0;0;0;
591;20;18;Hanno Behrens;Deutschland;28;10;0;
592;20;29;Patrick Erras;Deutschland;20;1;0;
593;20;35;Alexander Fuchs;Deutschland;2;0;0;
594;20;8;Lucas Hufnagel;Georgien;6;0;0;
595;20;17;Sebastian Kerk;Deutschland;3;0;0;
596;20;14;Kevin Möhwald;Deutschland;25;6;0;
597;20;31;Ondrej Petrak;Tschechien;18;0;0;
598;20;7;Edgar Salli;Kamerun;21;1;0;
599;20;15;Marvin Stefaniak;Deutschland;7;0;0;
600;20;22;Enrico Valentini;Italien;27;0;0;
601;20;13;Tobias Werner;Deutschland;20;2;0;
602;20;9;Mikael Ishak;Schweden;22;12;0;
603;20;21;Federico Palacios-Martinez;Deutschland;8;0;0;
604;20;11;Adam Zrelak;Slowakei;8;0;0;
605;21;18;Kenneth Kronholm;Vereinigte Staaten;27;0;0;
606;21;34;Lukas Kruse;Deutschland;1;0;0;
607;21;1;Bernd Schipmann;Deutschland;0;0;0;
608;21;5;Rafael Czichos;Deutschland;26;2;0;
609;21;7;Sebastian Heidinger;Deutschland;9;0;0;
610;21;19;Patrick Herrmann;Deutschland;25;0;0;
611;21;4;Niklas Hoheneder;Österreich;5;0;0;
612;21;6;David Kinsombi;Deutschland;26;4;0;
613;21;16;Christopher Lenz;Deutschland;7;0;0;
614;21;3;Dominik Schmidt;Deutschland;27;1;0;
615;21;2;Arne Sicker;Deutschland;0;0;0;
616;21;15;Johannes van den Bergh;Deutschland;21;0;0;
617;21;31;Max Besuschkow;Deutschland;1;0;0;
618;21;8;Alexander Bieler;Deutschland;27;2;0;
619;21;29;Amara Conde;Deutschland;6;0;0;
620;21;23;Luca Dürholtz;Deutschland;0;0;0;
621;21;20;Joel Gerezgiher;Deutschland;0;0;0;
622;21;11;Manuel Janzer;Deutschland;4;1;0;
623;21;22;Atakan Karazor;Deutschland;2;0;0;
624;21;17;Steven Lewerenz;Deutschland;25;4;0;
625;21;13;Dominic Peitz;Deutschland;25;1;0;
626;21;27;Kingsley Schindler;Ghana;28;9;0;
627;21;21;Tim Siedschlag;Deutschland;2;0;0;
628;21;9;Tom Weilandt;Deutschland;13;1;0;
629;21;28;Noah Awuku;Deutschland;0;0;0;
630;21;24;Dominick Drexler;Deutschland;27;11;0;
631;21;10;Marvin Ducksch;Deutschland;28;15;0;
632;21;14;Aaron Seydel;Deutschland;20;1;0;
633;22;24;Fabijan Buntic;Deutschland;0;0;0;
634;22;1;Orjan Nyland;Norwegen;25;0;0;
635;22;2;Frederic Ananou;Deutschland;1;0;0;
636;22;27;Lukas Gerlspeck;Deutschland;0;0;0;
637;22;33;Florent Hadergjonaj;Schweiz;2;0;0;
638;22;3;Tobias Levels;Deutschland;20;0;0;
639;22;34;Marvin Matip;Kamerun;28;1;0;
640;22;26;Phil Neumann;Deutschland;2;0;0;
641;22;4;Paulo Otavio;Brasilien;8;0;0;
642;22;28;Christian Träsch;Deutschland;21;1;0;
643;22;25;Hauke Finn Wahl;Deutschland;24;3;0;
644;22;5;Max Christiansen;Deutschland;11;0;0;
645;22;8;Almog Cohen;Israel;21;2;0;
646;22;7;Patrick Ebert;Deutschland;4;0;0;
647;22;19;Marcel Gaus;Deutschland;23;1;0;
648;22;10;Sonny Kittel;Deutschland;27;9;0;
649;22;6;Alfredo Morales;Vereinigte Staaten;25;4;0;
650;22;30;Thomas Pledl;Deutschland;25;4;0;
651;22;21;Tobias Schröck;Deutschland;19;1;0;
652;22;37;Patrick Sussek;Deutschland;0;0;0;
653;22;17;Maximilian Thalhammer;Deutschland;3;0;0;
654;22;23;Ryoma Watanabe;Japan;0;0;0;
655;22;9;Moritz Hartmann;Deutschland;11;0;0;
656;22;20;Stefan Kutschke;Deutschland;25;5;0;
657;22;7;Mathew Leckie;Australien;0;0;0;
658;22;13;Robert Leipertz;Deutschland;19;3;0;
659;22;14;Stefan Lex;Deutschland;8;0;0;
660;22;11;Dario Lezcano;Paraguay;21;6;0;
661;23;26;Bastian Lerch;Deutschland;0;0;0;
662;23;1;Philipp Pentke;Deutschland;26;0;0;
663;23;32;Alexander Weidinger;Deutschland;0;0;0;
664;23;33;André Weis;Deutschland;2;0;0;
665;23;5;Benedikt Gimber;Deutschland;21;1;0;
666;23;17;Oliver Hein;Deutschland;0;0;0;
667;23;7;Marcel Hofrath;Deutschland;7;0;0;
668;23;13;Sven Kopp;Deutschland;0;0;0;
669;23;28;Sebastian Nachreiner;Deutschland;26;0;0;
670;23;3;Alexander Nandzik;Deutschland;25;0;0;
671;23;5;Ali Obadas;Türkei;0;0;0;
672;23;16;Markus Palionis;Litauen;3;0;0;
673;23;4;Asger Sorensen;Dänemark;21;0;0;
674;23;8;Andreas Geipl;Deutschland;18;0;0;
675;23;9;Jann George;Deutschland;24;4;0;
676;23;31;Uwe Hesse;Deutschland;1;0;0;
677;23;27;Kevin Hoffmann;Deutschland;0;0;0;
678;23;10;Marvin Knoll;Deutschland;27;7;0;
679;23;18;Marc Lais;Deutschland;26;2;0;
680;23;6;Benedikt Saller;Deutschland;23;0;0;
681;23;23;Sargis Adamyan;Armenien;27;4;0;
682;23;25;Hamadi Al Ghaddioui;Deutschland;4;0;0;
683;23;11;Sebastian Freis;Deutschland;5;0;0;
684;23;15;Marco Grüttner;Deutschland;28;11;0;
685;23;29;Joshua Mees;Deutschland;18;5;0;
686;23;21;Jonas Nietfeld;Deutschland;25;5;0;
687;23;22;Sebastian Stolze;Deutschland;22;3;0;
688;23;20;Albion Vrenezi;Unbekannt;13;0;0;
689;26;32;Felix Dornebusch;Deutschland;9;0;0;
690;26;30;Martin Kompalla;Polen;0;0;0;
691;26;38;Florian Kraft;Deutschland;0;0;0;
692;26;1;Manuel Riemann;Deutschland;21;0;0;
693;26;31;Tom Baack;Deutschland;0;0;0;
694;26;25;Jannik Bandowski;Deutschland;5;1;0;
695;26;21;Stefano Celozzi;Deutschland;25;0;0;
696;26;19;Patrick Fabian;Deutschland;16;0;0;
697;26;18;Jan Gyamerah;Deutschland;21;0;0;
698;26;29;Maxim Leitsch;Deutschland;10;0;0;
699;26;4;Simon Lorenz;Deutschland;0;0;0;
700;26;24;Timo Perthel;Deutschland;0;0;0;
701;26;3;Danilo Teodoro Soares;Brasilien;26;0;0;
702;26;10;Thomas Eisfeld;Deutschland;14;1;0;
703;26;6;Luke Hemmerich;Deutschland;7;0;0;
704;26;2;Tim Hoogland;Deutschland;22;0;0;
705;26;20;Vitaly Janelt;Deutschland;13;0;0;
706;26;8;Anthony Losilla;Frankreich;26;0;0;
707;26;14;Philipp Ochs;Deutschland;3;0;0;
708;26;26;Gorkem Saglam;Deutschland;4;0;0;
709;26;13;Sidney Sam;Deutschland;18;0;0;
710;26;22;Kevin Stöger;Österreich;25;3;0;
711;26;23;Robert Tesche;Deutschland;13;1;0;
712;26;28;Ulrich Bapoh;Deutschland;0;0;0;
713;26;7;Selim Gündüz;Türkei;15;0;0;
714;26;16;Lukas Hinterseer;Österreich;26;11;0;
715;26;17;Robbie Kruse;Australien;25;5;0;
716;26;11;Janni Serra;Deutschland;7;0;0;
717;26;9;Johannes Wurtz;Deutschland;23;0;0;
718;24;40;Baboucarr Gaye;Deutschland;0;0;0;
719;24;1;Stefan Ortega;Deutschland;28;0;0;
720;24;33;Nikolai Rehnen;Deutschland;0;0;0;
721;24;13;Julian Börner;Deutschland;26;4;0;
722;24;23;Florian Dick;Deutschland;19;1;0;
723;24;28;Florian Hartherz;Deutschland;27;3;0;
724;24;11;Stephan Salger;Deutschland;15;0;0;
725;24;0;Günther Schäfer;Deutschland;0;0;0;
726;24;4;Nils Teixeira;Deutschland;9;0;0;
727;24;31;Henri Weigelt;Deutschland;3;0;0;
728;24;3;Brian Behrendt;Österreich;19;1;0;
729;24;34;Can Hayri Ozkan;Deutschland;1;0;0;
730;24;17;Christoph Hemlein;Deutschland;24;0;0;
731;24;27;Konstantin Kerschbaumer;Österreich;26;8;0;
732;24;19;Manuel Prietl;Österreich;26;0;0;
733;24;6;Tom Schütz;Deutschland;21;3;0;
734;24;37;Cerruti Siya;Deutschland;0;0;0;
735;24;32;Keanu Staude;Deutschland;23;2;0;
736;24;5;David Ulm;Frankreich;0;0;0;
737;24;16;Sören Brandy;Deutschland;9;1;0;
738;24;9;Fabian Klos;Deutschland;27;3;0;
739;24;22;Roberto Massimo;Italien;1;0;0;
740;24;10;Christopher Nöthe;Deutschland;1;0;0;
741;24;29;Putaro;Deutschland;17;2;0;
742;24;18;Nils Quaschner;Deutschland;4;0;0;
743;24;21;Andreas Voglsammer;Deutschland;28;10;0;
744;24;7;Patrick Weihrauch;Deutschland;26;3;0;
745;25;30;Valentino Jovic;Bosnien-Herzegowina;0;0;0;
746;25;1;Goran Karacic;Bosnien-Herzegowina;0;0;0;
747;25;39;Dominik Machmeier;Deutschland;0;0;0;
748;25;16;Marcel Schuhen;Deutschland;29;0;0;
749;25;33;Rick Wulle;Deutschland;0;0;0;
750;25;36;Ken Gipson;Deutschland;3;0;0;
751;25;14;Tim Kister;Deutschland;20;0;0;
752;25;24;Philipp Klingmann;Deutschland;19;2;0;
753;25;34;Tim Knipping;Deutschland;28;1;0;
754;25;19;Leart Paqarda;Unbekannt;26;3;0;
755;25;4;Damian Roßbach;Deutschland;1;0;0;
756;25;5;Marcel Seegert;Deutschland;8;0;0;
757;25;29;Sahin Aygünes;Türkei;8;1;0;
758;25;8;Nejmeddin Daghfous;Deutschland;26;1;0;
759;25;28;Philipp Förster;Deutschland;24;2;0;
760;25;9;Rurik Gislason;Island;11;3;0;
761;25;26;Ali Ibrahimaj;Deutschland;6;0;0;
762;25;27;Maximilian Jansen;Deutschland;19;0;0;
763;25;23;Markus Karl;Deutschland;23;0;0;
764;25;31;Stefan Kulovits;Österreich;9;0;0;
765;25;6;Denis Linsmayer;Deutschland;26;1;0;
766;25;21;Manuel Stiefler;Deutschland;18;2;0;
767;25;22;Korbinian Vollmann;Deutschland;8;0;0;
768;25;11;Eroll Zeynullahu;Unbekannt;12;0;0;
769;25;38;Mirco Born;Deutschland;0;0;0;
770;25;37;Julian Maurice Derstroff;Deutschland;15;1;0;
771;25;18;Robert Herrmann;Deutschland;1;0;0;
772;25;10;Richard Sukuta-Pasu;Deutschland;22;6;0;
773;25;20;José Pierre Vunguidica;Angola;8;0;0;
774;25;7;Andrew Wooten;Vereinigte Staaten;3;1;0;
775;25;25;Haji Wright;Vereinigte Staaten;15;1;0;
776;32;30;Sascha Burchert;Deutschland;19;0;0;
777;32;1;Marius Funk;Deutschland;1;0;0;
778;32;25;Timo Königsmann;Deutschland;0;0;0;
779;32;24;Balazs Megyeri;Ungarn;9;0;0;
780;32;26;Korbinian Burger;Deutschland;0;0;0;
781;32;13;Marco Caligiuri;Deutschland;28;3;0;
782;32;4;Lukas Gugganig;Österreich;21;1;0;
783;32;19;Roberto Hilbert;Deutschland;18;1;0;
784;32;5;Richard Magyar;Schweden;16;2;0;
785;32;22;Mario Maloca;Kroatien;26;2;0;
786;32;21;Khaled Narey;Deutschland;29;6;0;
787;32;35;Dominik Schad;Deutschland;1;0;0;
788;32;38;Dominik Sollfrank;Deutschland;0;0;0;
789;32;3;Maximilian Wittek;Deutschland;28;4;0;
790;32;7;Levent Aycicek;Deutschland;18;0;0;
791;32;29;Tolcay Cigerci;Deutschland;8;0;0;
792;32;27;Christian Derflinger;Österreich;0;0;0;
793;32;15;Sebastian Ernst;Deutschland;17;1;0;
794;32;10;Jürgen Gjasula;Albanien;22;2;0;
795;32;34;Alexandros Kartalis;Griechenland;0;0;0;
796;32;18;Benedikt Kirsch;Deutschland;2;0;0;
797;32;20;Matti Langer;Deutschland;1;0;0;
798;32;33;Nik Omladic;Slowenien;4;1;0;
799;32;16;Adam Jozsef Pinter;Ungarn;10;0;0;
800;32;39;David Raum;Deutschland;17;1;0;
801;32;23;Sercan Sararer;Türkei;0;0;0;
802;32;40;Patrick Sontheimer;Deutschland;15;0;0;
803;32;31;Daniel Steininger;Deutschland;17;2;0;
804;32;11;Uffe Bech;Dänemark;2;0;0;
805;32;9;Serdar Dursun;Türkei;23;2;0;
806;32;8;Julian Green;Vereinigte Staaten;20;2;0;
807;32;6;Kaylen Hinds;England;0;0;0;
808;32;14;Mathis Bolly;Elfenbeinküste;0;0;0;
809;32;17;Fabian Reese;Deutschland;10;0;0;
810;27;28;Daniel Davari;Iran;0;0;0;
811;27;1;Mark Flekken;Niederlande;28;0;0;
812;27;22;Daniel Zeaiter;Libanon;1;0;0;
813;27;5;Branimir Bajic;Bosnien-Herzegowina;3;0;0;
814;27;18;Thomas Blomeyer;Deutschland;4;0;0;
815;27;4;Dustin Bomheuer;Deutschland;25;1;0;
816;27;3;Enis Hajri;Tunesien;23;0;0;
817;27;31;Marius Kruger;Deutschland;0;0;0;
818;27;21;Pascal Kubina;Polen;0;0;0;
819;27;6;Gerrit Nauber;Deutschland;28;0;0;
820;27;27;Dan-Patrick Poggenberg;Deutschland;5;0;0;
821;27;17;Kevin Wolze;Deutschland;27;7;0;
822;27;14;Tim Albutat;Deutschland;13;0;0;
823;27;15;Lukas Daschner;Deutschland;7;0;0;
824;27;26;Ahmet Engin;Deutschland;23;2;0;
825;27;29;Tugrul Erat;Aserbaidschan;8;0;0;
826;27;16;Lukas Frode;Deutschland;25;1;0;
827;27;30;Christian Gartner;Österreich;3;0;0;
828;27;19;Nico Klotz;Deutschland;8;0;0;
829;27;20;Cauly Oliveira Souza;Brasilien;22;5;0;
830;27;23;Fabian Schnellhardt;Deutschland;24;0;0;
831;27;33;Moritz Stoppelkamp;Deutschland;26;7;0;
832;27;7;Andreas Wiegel;Deutschland;6;0;0;
833;27;11;Stanislav Iljutcenko;Deutschland;25;6;0;
834;27;10;Kingsley Onuegbu;Nigeria;25;2;0;
835;27;24;Boris Tashchy;Ukraine;26;9;0;
836;28;33;Svend Brodersen;Deutschland;0;0;0;
837;28;1;Philipp Heerwagen;Deutschland;0;0;0;
838;28;30;Robin Himmelmann;Deutschland;28;0;0;
839;28;15;Daniel Buballa;Deutschland;26;0;0;
840;28;8;Jeremy Dudziak;Deutschland;22;1;0;
841;28;16;Marc Hornschuh;Deutschland;6;0;0;
842;28;27;Jan-Philipp Kalla;Deutschland;7;0;0;
843;28;5;Joel Keller;Schweiz;0;0;0;
844;28;35;Brian Koglin;Deutschland;0;0;0;
845;28;2;Clemens Schoppenhauer;Deutschland;2;0;0;
846;28;3;Lasse Sobiech;Deutschland;21;3;0;
847;28;19;Luca-Milan Zander;Deutschland;18;0;0;
848;28;4;Philipp Ziereis;Deutschland;4;0;0;
849;28;6;Christopher Avevor;Deutschland;27;1;0;
850;28;10;Christopher Buchtmann;Deutschland;13;4;0;
851;28;37;Kyoung Rok Choi;Republik Korea (Südkorea);2;0;0;
852;28;23;Johannes Flum;Deutschland;26;2;0;
853;28;13;Ryo Miyaichi;Japan;0;0;0;
854;28;14;Mats Möller Daehli;Norwegen;16;0;0;
855;28;7;Bernd Nehrig;Deutschland;23;0;0;
856;28;20;Richard Neudecker;Deutschland;14;3;0;
857;28;39;Yiyoung Park;Republik Korea (Südkorea);9;0;0;
858;28;22;Cenk Sahin;Türkei;20;2;0;
859;28;28;Waldemar Sobota;Polen;24;4;0;
860;28;42;Thibaud Verlinden;Belgien;0;0;0;
861;28;41;Ersin Zehir;Deutschland;0;0;0;
862;28;11;Sami Allagui;Tunesien;27;4;0;
863;28;9;Aziz Bouhaddouz;Marokko;22;3;0;
864;28;45;Dimitris Diamantakos;Griechenland;5;0;0;
865;28;31;Maurice Litka;Deutschland;10;0;0;
866;28;29;Jan-Marc Schneider;Deutschland;13;2;0;
867;29;12;Jakob Busk;Dänemark;19;0;0;
868;29;1;Daniel Mesenhöler;Deutschland;9;0;0;
869;29;20;Lennart Moser;Deutschland;0;0;0;
870;29;5;Marvin Friedrich;Deutschland;7;1;0;
871;29;13;Peter Kurzweg;Deutschland;3;1;0;
872;29;37;Toni Leistner;Deutschland;23;1;0;
873;29;29;Michael Parensen;Deutschland;8;0;0;
874;29;6;Kristian Pedersen;Dänemark;26;1;0;
875;29;34;Fabian Schönheim;Deutschland;10;0;0;
876;29;3;Christoph Schösswendter;Österreich;2;0;0;
877;29;15;Marc Torrejón;Spanien;19;0;0;
878;29;28;Christopher Trimmel;Österreich;26;1;0;
879;29;10;Dennis Daube;Deutschland;10;0;0;
880;29;4;Lars Dietz;Deutschland;0;0;0;
881;29;8;Stephan Fürstner;Deutschland;13;0;0;
882;29;11;Akaki Gogia;Deutschland;19;2;0;
883;29;7;Marcel Hartel;Deutschland;25;2;0;
884;29;17;Simon Hedlund;Schweden;25;4;0;
885;29;36;Cihan Kahraman;Türkei;0;0;0;
886;29;23;Felix Kroos;Deutschland;26;1;0;
887;29;33;Lennard Maloney;Deutschland;1;0;0;
888;29;21;Grischa Prömel;Deutschland;20;1;0;
889;29;18;Kenny Prince Redondo;Deutschland;4;0;0;
890;29;31;Berkan Taz;Deutschland;0;0;0;
891;29;16;Philipp Hosiner;Österreich;15;1;0;
892;29;9;Sebastian Polter;Deutschland;24;12;0;
893;29;24;Steven Skrzybski;Deutschland;24;13;0;
894;30;25;Onur Bulut;Türkei;8;0;0;
895;30;1;Marcel Engelhardt;Deutschland;1;0;0;
896;30;16;Jasmin Fejzic;Bosnien-Herzegowina;28;0;0;
897;30;33;Eric Verstappen;Niederlande;0;0;0;
898;30;4;Joseph Baffo;Schweden;11;3;0;
899;30;14;Robin Tim Becker;Deutschland;12;0;0;
900;30;2;Steve Breitkreuz;Deutschland;15;0;0;
901;30;25;Marcel Correia;Deutschland;0;0;0;
902;30;27;Niko Kijewski;Deutschland;9;0;0;
903;30;17;Steffen Nkansah;Ghana;7;0;0;
904;30;19;Ken Reichel;Deutschland;25;2;0;
905;30;24;Maximilian Sauer;Deutschland;10;0;0;
906;30;3;Frederik Tingager;Dänemark;8;1;0;
907;30;5;Gustav Valsvik;Norwegen;28;1;0;
908;30;10;Mirko Boland;Deutschland;13;2;0;
909;30;36;Ahmet Canbaz;Türkei;2;0;0;
910;30;37;Eros Dacaj;Deutschland;2;0;0;
911;30;11;Jan Hochscheidt;Deutschland;23;2;0;
912;30;22;Salim Khelifi;Schweiz;19;2;0;
913;30;6;Quirin Moll;Deutschland;13;0;0;
914;30;13;Louis Samson;Deutschland;18;0;0;
915;30;21;Patrick Schönfeld;Deutschland;10;1;0;
916;30;18;Georg Teigl;Österreich;8;0;0;
917;30;7;Özkan Yildirim;Deutschland;13;1;0;
918;30;30;Hendrick Zuck;Deutschland;16;1;0;
919;30;20;Suleiman Abdullahi;Nigeria;24;7;0;
920;30;9;Julius Biada;Deutschland;7;0;0;
921;30;8;Philipp Hofmann;Deutschland;7;0;0;
922;30;12;Domi Kumbela;Kongo;16;3;0;
923;30;15;Christoffer Nyman;Schweden;18;5;0;
924;31;1;Markus Schubert;Deutschland;9;0;0;
925;31;25;Marvin Schwäbe;Deutschland;19;0;0;
926;31;24;Patrick Wiegers;Deutschland;0;0;0;
927;31;23;Florian Ballas;Deutschland;25;2;0;
928;31;28;Marcel Franke;Deutschland;10;0;0;
929;31;26;Sören Gonther;Deutschland;4;0;0;
930;31;16;Philip Heise;Deutschland;21;2;0;
931;31;7;Niklas Kreuzer;Deutschland;19;1;0;
932;31;18;Jannik Müller;Deutschland;23;0;0;
933;31;20;Fabian Müller;Deutschland;10;0;0;
934;31;33;Toni Stelzer;Deutschland;0;0;0;
935;31;10;Aias Aosman;Deutschland;16;2;0;
936;31;8;Rico Benatelli;Deutschland;15;2;0;
937;31;11;Haris Duljevic;Bosnien-Herzegowina;22;1;0;
938;31;6;Marco Hartmann;Deutschland;15;2;0;
939;31;36;Niklas Hauptmann;Deutschland;22;0;0;
940;31;29;Sascha Horvath;Österreich;15;1;0;
941;31;5;Manuel Konrad;Deutschland;22;3;0;
942;31;17;Andreas Lambertz;Deutschland;12;1;0;
943;31;22;Patrick Möschl;Österreich;11;1;0;
944;31;9;Lucas Röser;Deutschland;27;9;0;
945;31;19;Paul Seguin;Deutschland;19;0;0;
946;31;0;Sinan Tekerci;Türkei;0;0;0;
947;31;40;Erich Berko;Deutschland;24;2;0;
948;31;27;Moussa Kone;Senegal;7;6;0;
949;31;14;Peniel Mlapa;Deutschland;18;4;0;
950;31;37;Pascal Testroet;Deutschland;2;0;0;
951;33;34;Daniel Haas;Deutschland;0;0;0;
952;33;26;Robert Jendrusch;Deutschland;0;0;0;
953;33;1;Martin Männel;Deutschland;28;0;0;
954;33;21;Malcolm Cacutalua;Deutschland;20;3;0;
955;33;27;Sascha Hartel;Deutschland;0;0;0;
956;33;3;Sebastian Hertner;Deutschland;19;0;0;
957;33;4;Fabian Kalig;Deutschland;27;0;0;
958;33;15;Dennis Kempe;Deutschland;22;1;0;
959;33;37;Moise Ngwisani;Deutschland;0;0;0;
960;33;18;Nicolai Rapp;Deutschland;19;0;0;
961;33;20;Calogero Rizzuto;Deutschland;23;0;0;
962;33;23;Sören Bertram;Deutschland;19;4;0;
963;33;5;Clemens Fandrich;Deutschland;23;1;0;
964;33;9;Arianit Ferati;Deutschland;4;0;0;
965;33;29;Tommy Kassemodel;Deutschland;0;0;0;
966;33;16;Mario Kvesic;Bosnien-Herzegowina;16;2;0;
967;33;6;Mirnes Pepic;Montenegro;0;0;0;
968;33;17;Philipp Riese;Deutschland;15;0;0;
969;33;19;Cebio Soukou;Deutschland;14;4;0;
970;33;24;John-Patrick Strauß;Deutschland;13;0;0;
971;33;33;Christian Tiffert;Deutschland;27;0;0;
972;33;25;Dominik Wydra;Österreich;25;1;0;
973;33;8;Nicky Adler;Deutschland;0;0;0;
974;33;40;Albert Bunjaku;Unbekannt;11;1;0;
975;33;14;Pascal Köpke;Deutschland;28;9;0;
976;33;28;Vincent Michl;Deutschland;0;0;0;
977;33;22;Ridge Munsy;Kongo DR;10;3;0;
978;33;10;Dimitrij Nazarov;Aserbaidschan;24;2;0;
979;34;22;Vitus Eicher;Deutschland;3;0;0;
980;34;39;Matthias Kobbing;Deutschland;0;0;0;
981;34;1;Kevin Müller;Deutschland;25;0;0;
982;34;24;Oliver Schnitzler;Deutschland;0;0;0;
983;34;16;Robin Tim Becker;Deutschland;0;0;0;
984;34;33;Timo Beermann;Deutschland;20;1;0;
985;34;2;Marnon Busch;Deutschland;8;1;0;
986;34;28;Arne Feick;Deutschland;23;2;0;
987;34;34;Ibrahim Hajtic;Bosnien-Herzegowina;1;0;0;
988;34;23;Kevin Kraus;Deutschland;16;1;0;
989;34;20;Ronny Philp;Deutschland;5;0;0;
990;34;4;Oliver Steurer;Deutschland;4;0;0;
991;34;29;Robert Strauß;Deutschland;16;0;0;
992;34;25;Hauke Finn Wahl;Deutschland;0;0;0;
993;34;5;Mathias Wittek;Deutschland;21;2;0;
994;34;10;Nikola Dovedan;Österreich;23;1;0;
995;34;36;Dave Gnaase;Deutschland;0;0;0;
996;34;18;Sebastian Griesbeck;Deutschland;24;0;0;
997;34;17;Maurice Multhaup;Deutschland;0;0;0;
998;34;27;Kolja Pusch;Deutschland;16;1;0;
999;34;7;Marc Schnatterer;Deutschland;28;8;0;
1000;34;32;Kevin Sessa;Deutschland;2;0;0;
1001;34;0;Kevin Sessa;Deutschland;2;0;0;
1002;34;38;Tim Skarke;Deutschland;11;0;0;
1003;34;30;Norman Theuerkauf;Deutschland;20;0;0;
1004;34;21;Maximilian Thiel;Deutschland;23;6;0;
1005;34;26;Marcel Titsch Rivero;Deutschland;24;1;0;
1006;34;9;Robert Glatzel;Deutschland;25;4;0;
1007;34;21;Tim Kleindienst;Deutschland;0;0;0;
1008;34;35;Kevin Lankford;Deutschland;9;0;0;
1009;34;11;Denis Thomalla;Deutschland;12;1;0;
1010;34;15;John Verhoek;Niederlande;22;8;0;
1011;34;31;Dominik Widemann;Deutschland;2;1;0;
1012;35;31;Michael Esser;Deutschland;0;0;0;
1013;35;1;Daniel Fernandes;Portugal;22;0;0;
1014;35;23;Joel Mall;Schweiz;5;0;0;
1015;35;31;Florian Stritzel;Deutschland;1;0;0;
1016;35;33;Romain Brégerie;Frankreich;8;1;0;
1017;35;2;Joao Renato da Cunha;Brasilien;0;0;0;
1018;35;19;Kevin Großkreutz;Deutschland;23;3;0;
1019;35;21;Immanuel Höhn;Deutschland;16;1;0;
1020;35;32;Fabian Holland;Deutschland;27;0;0;
1021;35;35;Niklas Kern;Deutschland;0;0;0;
1022;35;37;Leo Petri;Deutschland;0;0;0;
1023;35;17;Sandro Sirigu;Deutschland;15;0;0;
1024;35;4;Aytac Sulu;Deutschland;27;3;0;
1025;35;28;Baris Atik;Türkei;3;0;0;
1026;35;28;Änis Ben-Hatira;Deutschland;0;0;0;
1027;35;8;Jerome Gondorf;Deutschland;0;0;0;
1028;35;20;Marcel Heller;Deutschland;0;0;0;
1029;35;3;Joevin Jones;Trinidad und Tobago;10;3;0;
1030;35;36;Wilson Kamavuaka;Deutschland;22;2;0;
1031;35;11;Tobias Kempe;Deutschland;24;7;0;
1032;35;38;Romuald Lacazette;Frankreich;3;0;0;
1033;35;5;Slobodan Medojevic;Serbien;8;0;0;
1034;35;6;Marvin Mehlem;Deutschland;16;2;0;
1035;35;18;Peter Niemeyer;Deutschland;3;0;0;
1036;35;10;Jan Rosenthal;Deutschland;12;0;0;
1037;35;39;Paul Schmieder;Deutschland;0;0;0;
1038;35;13;Markus Steinhöfer;Deutschland;15;0;0;
1039;35;8;Julian von Haacke;Deutschland;5;0;0;
1040;35;15;Terrence Boyd;Vereinigte Staaten;18;4;0;
1041;35;16;Antonio Mirko Colak;Kroatien;0;0;0;
1042;35;27;McKinze Gaines;Vereinigte Staaten;2;0;0;
1043;35;9;Dong Won Ji;Republik Korea (Südkorea);10;1;0;
1044;35;7;Felix Platte;Deutschland;16;3;0;
1045;35;39;Sven Schipplock;Deutschland;0;0;0;
1046;35;20;Artur Sobiech;Polen;20;2;0;
1047;35;40;Silas Zehnder;Deutschland;0;0;0;
1048;35;25;Yannick Stark;Deutschland;25;3;0;
1049;36;30;Lennart Grill;Deutschland;0;0;0;
1050;36;24;Marius Müller;Deutschland;27;0;0;
1051;36;32;Jan-Ole Sievers;Deutschland;3;0;0;
1052;36;3;Joel Abu Hanna;Deutschland;9;0;0;
1053;36;23;Jan-Ingwer Callsen-Bracker;Deutschland;8;0;0;
1054;36;19;Marcel Correia;Deutschland;9;0;0;
1055;36;6;Leon Guwara;Deutschland;21;0;0;
1056;36;5;Benjamin Kessel;Deutschland;19;1;0;
1057;36;2;Giuliano Modica;Italien;5;0;0;
1058;36;21;Philipp Mwene;Österreich;26;2;0;
1059;36;27;Patrick Salata;Deutschland;0;0;0;
1060;36;29;Stipe Vucur;Kroatien;28;3;0;
1061;36;4;Patrick Ziegler;Deutschland;14;0;0;
1062;36;10;Halil Altintop;Türkei;8;0;0;
1063;36;8;Gino Fechner;Deutschland;13;0;0;
1064;36;28;Daniel Halfar;Deutschland;9;1;0;
1065;36;18;Christoph Moritz;Deutschland;25;4;0;
1066;36;36;Manfred Osei-Kwadwo;Deutschland;15;0;0;
1067;36;38;Nils Seufert;Deutschland;16;0;0;
1068;36;37;Nicklas Shipnoski;Deutschland;8;0;0;
1069;36;25;Carlo Sickinger;Deutschland;0;0;0;
1070;36;14;Mads Albaek;Dänemark;4;0;0;
1071;36;11;Ruben Jenssen;Norwegen;8;0;0;
1072;36;9;Sebastian Andersson;Schweden;23;7;0;
1073;36;7;Brandon Borrello;Australien;18;3;0;
1074;36;22;Gervane Kastaneer;Niederlande;10;1;0;
1075;36;40;Torben Musel;Deutschland;9;0;0;
1076;36;26;Valdrin Mustafa;Deutschland;0;0;0;
1077;36;35;Osayamen Osawe;England;20;5;0;
1078;36;20;Kacper Przybylko;Polen;1;0;0;
1079;36;33;Lukas Spalvis;Litauen;19;5;0;
1080;36;39;David Tomic;Deutschland;0;0;0;
1081;37;28;Till Brinkmann;Deutschland;0;0;0;
1082;37;1;Michael Ratajczak;Deutschland;2;0;0;
1083;37;17;Leopold Zingerle;Deutschland;31;0;0;
1084;37;14;Thomas Bertels;Deutschland;18;2;0;
1085;37;33;Lukas Boeder;Deutschland;30;0;0;
1086;37;29;Jamilu Collins;Nigeria;13;0;0;
1087;37;30;Leon Fesser;Deutschland;5;1;0;
1088;37;12;Felix Herzenbruch;Deutschland;27;0;0;
1089;37;20;Pascal Itter;Deutschland;0;0;0;
1090;37;27;Matthias Stingl;Deutschland;4;0;0;
1091;37;5;Christian Strohdiek;Deutschland;29;3;0;
1092;37;31;Ben Zonlinski;Deutschland;28;8;0;
1093;37;16;Dardan Karimani;Albanien;0;0;0;
1094;37;21;Philipp Klement;Deutschland;10;2;0;
1095;37;0;Philipp Klement;Deutschland;10;2;0;
1096;37;23;Robin Krauße;Deutschland;30;2;0;
1097;37;26;Ron Schallenberg;Deutschland;0;0;0;
1098;37;13;Sebastian Schonlau;Deutschland;29;2;0;
1099;37;24;Fatih Ufuk;Deutschland;0;0;0;
1100;37;4;Massih Wassey;Kanada;25;7;0;
1101;37;6;Sebastian Wimmer;Österreich;12;0;0;
1102;37;22;Christopher Antwi-Adjej;Deutschland;29;2;0;
1103;37;32;Darryl Geurts;Deutschland;3;0;0;
1104;37;11;Sven Michel;Deutschland;32;14;0;
1105;37;7;Marlon Ritter;Deutschland;23;9;0;
1106;37;15;Phillip Tietz;Deutschland;12;5;0;
1107;37;19;Marc Vucinovic;Deutschland;5;1;0;
1108;37;9;Kwame Yeboah;Australien;10;1;0;
1109;38;30;Alexander Brunst-Zoellner;Deutschland;0;0;0;
1110;38;0;Alexander Brunst-Zoellner;Deutschland;0;0;0;
1111;38;1;Jan Glinker;Deutschland;31;0;0;
1112;38;12;Mario Seidel;Deutschland;0;0;0;
1113;38;0;Mario Seidel;Deutschland;0;0;0;
1114;38;39;Matthias Tischer;Deutschland;0;0;0;
1115;38;0;Marcel Costly;Deutschland;6;2;0;
1116;38;22;Andre Hainault;Kanada;6;1;0;
1117;38;10;Nico Hammann;Deutschland;27;1;0;
1118;38;3;Christopher Handke;Deutschland;26;2;0;
1119;38;4;Leon Heynke;Deutschland;0;0;0;
1120;38;0;Leon Heynke;Deutschland;0;0;0;
1121;38;14;Steffen Schäfer;Deutschland;21;0;0;
1122;38;0;Steffen Schäfer;Deutschland;21;0;0;
1123;38;5;Felix Schiller;Deutschland;15;0;0;
1124;38;37;Richard Weil;Deutschland;24;3;0;
1125;38;16;Nils Butzen;Deutschland;31;1;0;
1126;38;13;Dennis Erdmann;Deutschland;22;1;0;
1127;38;25;Sebastian Ernst;Deutschland;0;0;0;
1128;38;9;Manuel Farrona-Pulido;Deutschland;0;0;0;
1129;38;18;Florian Kath;Deutschland;0;0;0;
1130;38;23;Charles Elie Laprevotte;Frankreich;2;0;0;
1131;38;6;Jan Löhmannsröben;Deutschland;0;0;0;
1132;38;20;Andreas Ludwig;Deutschland;10;1;0;
1133;38;26;Gerrit Müller;Deutschland;3;0;0;
1134;38;19;Michel Niemeyer;Deutschland;23;6;0;
1135;38;6;Björn Rother;Deutschland;26;2;0;
1136;38;0;Björn Rother;Deutschland;26;2;0;
1137;38;17;Marius Sowislo;Deutschland;24;1;0;
1138;38;8;Philip Türpitz;Deutschland;27;11;0;
1139;38;0;Philip Türpitz;Deutschland;27;11;0;
1140;38;11;Christian Beck;Deutschland;31;9;0;
1141;38;24;Tarek Chahed;Deutschland;7;0;0;
1142;38;21;Julius Düker;Deutschland;23;4;0;
1143;38;7;Maurice Exslager;Deutschland;0;0;0;
1144;38;7;Felix Lohkemper;Deutschland;12;3;0;
1145;38;0;Felix Lohkemper;Deutschland;12;3;0;
1146;38;18;Florian Pick;Deutschland;12;0;0;
1147;38;15;Tobias Schwede;Deutschland;24;5;0;
1148;39;19;Jan Albrecht;Deutschland;0;0;0;
1149;39;1;Markus Kolke;Deutschland;32;0;0;
1150;39;25;Lukas Watkowiak;Deutschland;0;0;0;
1151;39;22;Michael Akoto;Deutschland;4;0;0;
1152;39;16;Niklas Dams;Deutschland;22;1;0;
1153;39;20;Moritz Kuhn;Deutschland;28;0;0;
1154;39;23;Alf Mintzel;Deutschland;28;1;0;
1155;39;4;Sascha Mockenhaupt;Deutschland;30;3;0;
1156;39;33;Sebastian Mrowca;Polen;25;1;0;
1157;39;29;Dominik Nothnagel;Deutschland;12;0;0;
1158;39;5;Soren-Kurt Reddemann;Deutschland;15;1;0;
1159;39;18;Steven Ruprecht;Deutschland;21;5;0;
1160;39;10;Robert Andrich;Deutschland;25;3;0;
1161;39;37;Stephan Andrist;Schweiz;32;15;0;
1162;39;8;David Blacha;Deutschland;25;3;0;
1163;39;28;Maximilian Dittgen;Deutschland;14;0;0;
1164;39;6;Patrick Funk;Deutschland;12;1;0;
1165;39;24;Jeremias Lorch;Deutschland;1;0;0;
1166;39;34;Stefan Lorenz;Deutschland;0;0;0;
1167;39;7;Philipp Sven Muller;Deutschland;10;2;0;
1168;39;39;Evans Owuso Nyarko;Deutschland;0;0;0;
1169;39;17;Kevin Pezzoni;Deutschland;9;1;0;
1170;39;14;Jules Schwadorf;Deutschland;0;0;0;
1171;39;27;Simon Brandstetter;Deutschland;11;6;0;
1172;39;0;Simon Brandstetter;Deutschland;11;6;0;
1173;39;26;Patrick Breitkreuz;Deutschland;22;3;0;
1174;39;11;Agyemang Diawusie;Deutschland;29;4;0;
1175;39;30;Dominik Martinovic;Kroatien;0;0;0;
1176;39;36;Stephane Mvibudulu;Deutschland;8;0;0;
1177;39;9;Manuel Schäffler;Deutschland;32;18;0;
1178;40;28;Sebastian Gessl;Österreich;0;0;0;
1179;40;1;Dirk Orlishausen;Deutschland;0;0;0;
1180;40;32;Benjamin Uphoff;Deutschland;32;0;0;
1181;40;35;Matthias Bader;Deutschland;26;0;0;
1182;40;2;Burak Can Camoglu;Türkei;24;1;0;
1183;40;25;Jonas Föhrenbach;Deutschland;30;3;0;
1184;40;3;Daniel Gordon;Jamaika;29;3;0;
1185;40;31;Giuseppe Leo;Deutschland;1;0;0;
1186;40;5;David Pisot;Deutschland;32;2;0;
1187;40;4;Martin Stoll;Deutschland;6;0;0;
1188;40;37;Marin Sverko;Kroatien;0;0;0;
1189;40;26;Bjarne Thoelke;Deutschland;0;0;0;
1190;40;13;Kai Bülow;Deutschland;18;1;0;
1191;40;6;Andreas Hofmann;Deutschland;3;0;0;
1192;40;7;Marc Lorenz;Deutschland;25;0;0;
1193;40;8;Marcel Mehlem;Deutschland;24;2;0;
1194;40;23;Florent Muslija;Deutschland;32;1;0;
1195;40;21;Marco Thiede;Deutschland;17;0;0;
1196;40;10;Marvin Wanitzek;Deutschland;31;2;0;
1197;40;22;Nathaniel Amamoo;Ghana;0;0;0;
1198;40;30;Anton Fink;Deutschland;30;7;0;
1199;40;19;Malik Karaahmet;Türkei;0;0;0;
1200;40;29;Kai Luibrand;Deutschland;4;0;0;
1201;40;9;Marvin Pourie;Deutschland;7;0;0;
1202;40;24;Fabian Schleusener;Deutschland;32;16;0;
1203;40;27;Dominik Stroh-Engel;Deutschland;22;1;0;
1204;40;20;Valentino Vujinovic;Deutschland;1;0;0;
1205;41;1;Tim Boss;Deutschland;32;0;0;
1206;41;21;Jannik Bruhns;Deutschland;0;0;0;
1207;41;0;Jannik Bruhns;Deutschland;0;0;0;
1208;41;33;André Poggenborg;Deutschland;0;0;0;
1209;41;19;Aaron Eichhorn;Deutschland;1;0;0;
1210;41;2;Dominik Ernst;Deutschland;29;1;0;
1211;41;0;Dominik Ernst;Deutschland;29;1;0;
1212;41;12;Luca Hardenbicker;Deutschland;0;0;0;
1213;41;3;Bernard Kyere;Ghana;23;1;0;
1214;41;0;Bernard Kyere;Ghana;23;1;0;
1215;41;22;Christoph Menz;Deutschland;11;1;0;
1216;41;27;Cedric Mimbala;Kongo;13;0;0;
1217;41;14;Cimo Rocker;Deutschland;4;0;0;
1218;41;4;Boné Uaferro;Deutschland;7;0;0;
1219;41;6;Okan Adil Kurt;Deutschland;24;2;0;
1220;41;34;Kristoffer Andersen;Belgien;5;0;0;
1221;41;28;Lars Bender;Deutschland;22;2;0;
1222;41;0;Lars Bender;Deutschland;22;2;0;
1223;41;31;Nico Brandenburger;Deutschland;30;4;0;
1224;41;0;Nico Brandenburger;Deutschland;30;4;0;
1225;41;18;Thomas Bröker;Deutschland;8;0;0;
1226;41;0;Thomas Bröker;Deutschland;8;0;0;
1227;41;29;Ali Ceylan;Deutschland;8;0;0;
1228;41;0;Ali Ceylan;Deutschland;8;0;0;
1229;41;37;Manuel Farrona-Pulido;Deutschland;22;3;0;
1230;41;0;Manuel Farrona-Pulido;Deutschland;22;3;0;
1231;41;23;Moritz Fritz;Deutschland;7;0;0;
1232;41;0;Moritz Fritz;Deutschland;7;0;0;
1233;41;10;Maik Kegel;Deutschland;28;1;0;
1234;41;7;Michael Kessel;Deutschland;21;1;0;
1235;41;5;Markus Pazurek;Deutschland;29;2;0;
1236;41;32;Nils Remagen;Deutschland;0;0;0;
1237;41;20;Robin Scheu;Deutschland;30;3;0;
1238;41;0;Robin Scheu;Deutschland;30;3;0;
1239;41;15;Christopher Theisen;Deutschland;12;0;0;
1240;41;38;Kai Burger;Deutschland;1;0;0;
1241;41;30;Hamdi Dahmani;Deutschland;32;9;0;
1242;41;8;Maurice Exslager;Deutschland;0;0;0;
1243;41;11;Amir Falahen;Unbekannt;10;1;0;
1244;41;9;Daniel Keita-Ruel;Deutschland;32;14;0;
1245;42;18;Janis Jonathan Blaswich;Deutschland;29;0;0;
1246;42;1;Kai Eisele;Deutschland;3;0;0;
1247;42;26;Eric Grundemann;Deutschland;0;0;0;
1248;42;4;Tommy Grupe;Deutschland;10;0;0;
1249;42;6;Fabian Holthaus;Deutschland;31;0;0;
1250;42;5;Oliver Hüsing;Deutschland;32;4;0;
1251;42;2;Joshua Nadeau;Frankreich;21;0;0;
1252;42;27;Vladimir Rankovic;Deutschland;18;1;0;
1253;42;29;Nico Rieble;Deutschland;8;0;0;
1254;42;3;Julian Riedel;Deutschland;31;0;0;
1255;42;20;Lukas Scherff;Deutschland;15;1;0;
1256;42;13;Selcuk Alibaz;Deutschland;16;1;0;
1257;42;16;Johann Berger;Deutschland;0;0;0;
1258;42;10;Amaury Bischoff;Portugal;20;1;0;
1259;42;8;Willi Evseev;Deutschland;21;3;0;
1260;42;15;Harry Foll;Deutschland;1;0;0;
1261;42;17;Jakob Gesien;Deutschland;0;0;0;
1262;42;19;Bryan Henning;Deutschland;29;3;0;
1263;42;33;Marcel Hilßner;Deutschland;18;4;0;
1264;42;0;Marcel Hilßner;Deutschland;18;4;0;
1265;42;24;Stefan Wannenwetsch;Deutschland;31;2;0;
1266;42;23;Soufian Benyamina;Deutschland;31;11;0;
1267;42;9;Mounir Bouziane;Frankreich;14;0;0;
1268;42;39;Pascal Breier;Deutschland;12;4;0;
1269;42;14;Mike Owusu;Deutschland;12;0;0;
1270;42;22;Christopher Quiring;Deutschland;9;0;0;
1271;42;7;Tim Väyrynen;Finnland;25;3;0;
1272;42;38;Marcel Ziemer;Deutschland;6;1;0;
1273;43;34;Lukas Königshofer;Österreich;5;0;0;
1274;43;22;Nico Mantl;Deutschland;0;0;0;
1275;43;1;Korbinian Müller;Deutschland;27;0;0;
1276;43;2;Maximilian Bauer;Deutschland;23;0;0;
1277;43;8;Max Dombrowka;Deutschland;31;2;0;
1278;43;15;Christoph Greger;Deutschland;27;1;0;
1279;43;3;Thomas Hagn;Deutschland;19;4;0;
1280;43;38;Marios Papachristoforou;Deutschland;0;0;0;
1281;43;5;Josef Welzmüller;Deutschland;25;1;0;
1282;43;28;Florian Wiedl;Australien;0;0;0;
1283;43;4;Alexander Winkler;Deutschland;25;0;0;
1284;43;21;Sascha Bigalke;Deutschland;32;4;0;
1285;43;31;Orestis Kiomourtzoglou;Deutschland;22;1;0;
1286;43;30;Luca Marseiler;Deutschland;2;0;0;
1287;43;13;Jim-Patrick Müller;Deutschland;16;2;0;
1288;43;10;Maximilian Nicu;Rumänien;13;0;0;
1289;43;23;Anes Osmanoski;Mazedonien;0;0;0;
1290;43;19;Alexander Piller;Deutschland;7;0;0;
1291;43;35;Finn Porath;Deutschland;24;4;0;
1292;43;32;Tim Schels;Deutschland;3;0;0;
1293;43;20;Dominik Stahl;Deutschland;22;3;0;
1294;43;18;Thomas Steinherr;Deutschland;28;0;0;
1295;43;6;Ulrich Taffertshofer;Deutschland;30;1;0;
1296;43;17;Mark Zettl;Deutschland;1;0;0;
1297;43;33;Christoph Ehlich;Deutschland;0;0;0;
1298;43;9;Stephan Hain;Deutschland;31;17;0;
1299;43;24;Alexander Kaltner;Deutschland;0;0;0;
1300;43;27;Vitalij Lux;Kirgisistan;10;1;0;
1301;43;11;Stefan Schimmer;Deutschland;22;3;0;
1302;43;29;Pascal Schoch;Deutschland;0;0;0;
1303;44;21;Patrick Drewes;Deutschland;19;0;0;
1304;44;1;Wolfgang Hesl;Deutschland;13;0;0;
1305;44;2;Maximilian Ahlschwede;Deutschland;29;0;0;
1306;44;5;Hendrik Hansen;Deutschland;0;0;0;
1307;44;16;Peter Kurzweg;Deutschland;0;0;0;
1308;44;29;Sebastian Neumann;Deutschland;32;4;0;
1309;44;4;Jannis Nikolaou;Deutschland;30;4;0;
1310;44;5;Clemens Schoppenhauer;Deutschland;0;0;0;
1311;44;27;Sebastian Schuppan;Deutschland;28;2;0;
1312;44;3;Anthony Syhre;Deutschland;22;0;0;
1313;44;15;Franko Uzelac;Deutschland;5;0;0;
1314;44;6;Kai Wagner;Deutschland;22;0;0;
1315;44;4;Rico Benatelli;Deutschland;0;0;0;
1316;44;0;Sebastian Ernst;Deutschland;0;0;0;
1317;44;13;Lukas Frode;Deutschland;0;0;0;
1318;44;31;Patrick Göbel;Deutschland;31;6;0;
1319;44;25;Björn Jopek;Deutschland;9;1;0;
1320;44;14;Joannis Karsanidis;Griechenland;1;0;0;
1321;44;22;Fabio Kaufmann;Deutschland;9;0;0;
1322;44;0;Fabio Kaufmann;Deutschland;9;0;0;
1323;44;23;Florian Kohls;Deutschland;0;0;0;
1324;44;16;Dennis Mast;Deutschland;21;0;0;
1325;44;7;Felix Müller;Deutschland;29;3;0;
1326;44;21;Tobias Schröck;Deutschland;0;0;0;
1327;44;18;Simon Skarlatidis;Deutschland;27;5;0;
1328;44;8;Emanuel Taffertshofer;Deutschland;25;1;0;
1329;44;38;Nico Wagner;Deutschland;0;0;0;
1330;44;19;Orhan Ademi;Schweiz;27;10;0;
1331;44;9;Dominic Baumann;Deutschland;29;2;0;
1332;44;11;Enis Bytyqi;Unbekannt;13;1;0;
1333;44;10;Marco Königs;Deutschland;22;2;0;
1334;44;37;Leonard Langhans;Deutschland;0;0;0;
1335;44;37;Onur Unlucifci;Deutschland;0;0;0;
1336;44;23;Patrick Weihrauch;Deutschland;0;0;0;
1337;47;32;Erik Domaschke;Deutschland;31;0;0;
1338;47;1;Jeroen Gies;Deutschland;2;0;0;
1339;47;12;Matthis Harsmann;Deutschland;0;0;0;
1340;47;0;Giorgio Beltau;Niederlande;0;0;0;
1341;47;0;Fabian Cordes;Deutschland;0;0;0;
1342;47;31;Marcel Gebers;Deutschland;32;2;0;
1343;47;6;Dennis Geiger;Deutschland;4;0;0;
1344;47;3;Janik Jesgarzewski;Deutschland;19;0;0;
1345;47;19;Yannik Nuxoll;Deutschland;0;0;0;
1346;47;36;Marc-Julian Puschel;Deutschland;0;0;0;
1347;47;22;Steffen Puttkammer;Deutschland;20;0;0;
1348;47;37;Fabian Senninger;Deutschland;19;0;0;
1349;47;5;Jovan Vidovic;Slowenien;26;1;0;
1350;47;27;David Vrzogic;Deutschland;19;0;0;
1351;47;29;Mike-Steven Bähre;Deutschland;10;0;0;
1352;47;15;Markus Ballmert;Deutschland;24;0;0;
1353;47;11;Thorben Deters;Deutschland;12;0;0;
1354;47;4;Menno Heerkes;Niederlande;2;0;0;
1355;47;8;Thilo Leugers;Deutschland;29;3;0;
1356;47;25;Patrick Posipal;Deutschland;17;0;0;
1357;47;21;Jens Robben;Deutschland;1;0;0;
1358;47;10;Martin Wagner;Deutschland;31;3;0;
1359;47;14;Leon Demaj;Unbekannt;2;0;0;
1360;47;30;Benjamin Girth;Deutschland;31;17;0;
1361;47;0;Sven Goldschmidt;Deutschland;0;0;0;
1362;47;9;Nico Granatowski;Deutschland;29;2;0;
1363;47;18;Haris Hyseni;Deutschland;15;0;0;
1364;47;20;Marius Kleinsorge;Deutschland;28;7;0;
1365;47;17;Max Kremer;Deutschland;29;1;0;
1366;47;0;Luca Sellere;Deutschland;0;0;0;
1367;47;23;Luka Tankulic;Deutschland;8;1;0;
1368;47;7;Devann Yao;Vereinigte Staaten;6;0;0;
1369;47;6;Dennis Geiger;Deutschland;4;0;0;
1370;45;1;Daniel Bernhardt;Deutschland;31;0;0;
1371;45;22;Raif Husic;Deutschland;2;0;0;
1372;45;28;Matthias Layer;Deutschland;0;0;0;
1373;45;16;Thomas Geyer;Deutschland;31;0;0;
1374;45;18;Robert Müller;Deutschland;18;0;0;
1375;45;29;Antonios Papadopoulos;Deutschland;1;0;0;
1376;45;33;Torben Rehfeldt;Deutschland;31;0;0;
1377;45;23;Patrick Schorr;Deutschland;26;1;0;
1378;45;21;Thorsten Schulz;Deutschland;20;0;0;
1379;45;4;Junya Suzuki;Japan;1;0;0;
1380;45;17;Sascha Traut;Deutschland;31;1;0;
1381;45;26;Noah Feil;Deutschland;0;0;0;
1382;45;8;Lukas Lammel;Deutschland;15;0;0;
1383;45;0;Lukas Lammel;Deutschland;15;0;0;
1384;45;6;Rico Preißinger;Deutschland;29;3;0;
1385;45;25;Daniel Stanese;Kanada;26;1;0;
1386;45;7;Mattia Trianni;Italien;16;1;0;
1387;45;15;Vasiliadis;Griechenland;20;4;0;
1388;45;20;Natsuhiko Watanabe;Japan;1;0;0;
1389;45;19;Maximilian Welzmüller;Deutschland;28;2;0;
1390;45;27;Marcel Bär;Deutschland;28;6;0;
1391;45;9;Cagatay Kader;Deutschland;5;1;0;
1392;45;10;Matthias Morys;Deutschland;30;14;0;
1393;45;24;Luca Pascal Schnellbacher;Deutschland;31;8;0;
1394;45;13;Gerrit Wegkamp;Deutschland;29;2;0;
1395;46;32;Tom Muller;Deutschland;19;1;0;
1396;46;33;Michael Netolitzky;Deutschland;0;0;0;
1397;46;1;Oliver Schnitzler;Deutschland;15;0;0;
1398;46;34;Max Barnofsky;Deutschland;12;0;0;
1399;46;27;Fabian Baumgärtel;Deutschland;32;3;0;
1400;46;28;Fabian Franke;Deutschland;6;0;0;
1401;46;13;Stefan Kleineheismann;Deutschland;28;1;0;
1402;46;31;Niklas Landgraf;Deutschland;13;0;0;
1403;46;26;Tobias Müller;Deutschland;20;0;0;
1404;46;2;Tobias Schilk;Deutschland;28;0;0;
1405;46;4;Hendrik Starostzik;Deutschland;15;0;0;
1406;46;0;Hendrik Starostzik;Deutschland;15;0;0;
1407;46;22;Marvin Ajani;Deutschland;24;4;0;
1408;46;8;Daniel Bohl;Deutschland;20;1;0;
1409;46;0;Daniel Bohl;Deutschland;20;1;0;
1410;46;20;Royal Dominique Fennell;Deutschland;18;1;0;
1411;46;5;Klaus Gjasula;Deutschland;17;3;0;
1412;46;0;Julian Guttau;Deutschland;0;0;0;
1413;46;6;Toni Lindenhahn;Deutschland;18;2;0;
1414;46;18;Martin Ludwig;Deutschland;15;0;0;
1415;46;17;Pasquale Monopoli;Deutschland;4;0;0;
1416;46;21;Erik Zenga;Deutschland;23;2;0;
1417;46;11;Hilal El-Helwe;Libanon;29;4;0;
1418;46;10;Mathias Fetsch;Deutschland;28;5;0;
1419;46;0;Mathias Fetsch;Deutschland;28;5;0;
1420;46;23;Braydon Manu;Deutschland;21;3;0;
1421;46;0;Braydon Manu;Deutschland;21;3;0;
1422;46;15;Justin Neumann;Deutschland;2;0;0;
1423;46;9;Benjamin Pintol;Bosnien-Herzegowina;8;3;0;
1424;46;7;Martin Röser;Deutschland;17;5;0;
1425;46;25;Petar Sliskovic;Kroatien;9;4;0;
1426;46;19;Vincent Louis Stenzel;Deutschland;4;0;0;
1427;48;1;Kevin Broll;Deutschland;31;0;0;
1428;48;21;Maximilian Reule;Deutschland;1;0;0;
1429;48;25;Kai Gehring;Deutschland;30;2;0;
1430;48;4;Lukas Hoffmann;Deutschland;3;0;0;
1431;48;5;Julian Leist;Deutschland;29;1;0;
1432;48;20;Özgür Özdemir;Türkei;19;1;0;
1433;48;17;Sebastian Schiek;Deutschland;15;1;0;
1434;48;15;Felice Vecchione;Italien;0;0;0;
1435;48;27;Michael Vitzthum;Deutschland;24;3;0;
1436;48;7;Shqiprim Binakaj;Serbien;20;3;0;
1437;48;6;Sebastian Bösel;Deutschland;29;0;0;
1438;48;30;Jeff-Dennis Fehr;Deutschland;7;0;0;
1439;48;10;Taxiarchis Fountas;Griechenland;12;1;0;
1440;48;23;Nico Gutjahr;Deutschland;2;0;0;
1441;48;22;Daniel Hägele;Deutschland;30;5;0;
1442;48;29;Jannes Hoffmann;Deutschland;18;0;0;
1443;48;28;Dominik Pelivan;Deutschland;11;0;0;
1444;48;20;Lucas Röser;Deutschland;0;0;0;
1445;48;18;Timo Röttger;Deutschland;28;8;0;
1446;48;8;Pascal Sohm;Deutschland;19;2;0;
1447;48;24;Yannick Thermann;Deutschland;15;1;0;
1448;48;14;Alexander Aschauer;Österreich;9;1;0;
1449;48;19;Makana Baku;Deutschland;23;0;0;
1450;48;13;Joseph-Claude Gyau;Vereinigte Staaten;28;5;0;
1451;48;16;Mario Rodriguez;Vereinigte Staaten;13;0;0;
1452;48;9;Saliou Sane;Deutschland;26;6;0;
1453;49;37;Luis Klante;Deutschland;0;0;0;
1454;49;1;Nils Korber;Deutschland;20;0;0;
1455;49;35;Maximilian Schulze-Niehues;Deutschland;13;0;0;
1456;49;38;Stephan Tantow;Deutschland;0;0;0;
1457;49;34;Jannik Borgmann;Deutschland;0;0;0;
1458;49;46;Julian Conze;Deutschland;0;0;0;
1459;49;29;Jeron Hazaimeh;Deutschland;29;2;0;
1460;49;13;Ole Kittner;Deutschland;21;2;0;
1461;49;26;Sebastian Mai;Deutschland;17;1;0;
1462;49;5;Fabian Menig;Deutschland;32;0;0;
1463;49;15;Simon Scherder;Deutschland;20;5;0;
1464;49;25;Lion Schweers;Deutschland;26;0;0;
1465;49;2;Stephane Tritz;Frankreich;19;0;0;
1466;49;6;Sandrino Braun;Deutschland;20;0;0;
1467;49;7;Lucas Cueto;Deutschland;10;0;0;
1468;49;20;Phillipp Hoffmann;Deutschland;27;0;0;
1469;49;17;Nico Rinderknecht;Deutschland;10;1;0;
1470;49;8;Michele Claudio Rizzi;Deutschland;29;5;0;
1471;49;23;Benjamin Schwarz;Deutschland;0;0;0;
1472;49;18;Lennart Stoll;Deutschland;14;0;0;
1473;49;21;Danilo Wiebe;Deutschland;15;0;0;
1474;49;32;Cyrill Akono;Deutschland;0;0;0;
1475;49;39;Adriano Grimaldi;Italien;27;9;0;
1476;49;27;Moritz Heinrich;Deutschland;18;1;0;
1477;49;10;Martin Kobylanski;Polen;31;9;0;
1478;49;11;Tobias Rühle;Deutschland;31;2;0;
1479;49;24;Luca Steinfeldt;Deutschland;2;0;0;
1480;49;16;Tobias Warschewski;Deutschland;11;0;0;
1481;50;22;Jo Coppens;Belgien;5;0;0;
1482;50;0;Jo Coppens;Belgien;5;0;0;
1483;50;1;Raphael Koczor;Deutschland;27;0;0;
1484;50;0;Wojciech Sadlowski;Polen;0;0;0;
1485;50;12;Stefan Schmidt;Deutschland;0;0;0;
1486;50;2;Florian Brügmann;Deutschland;26;1;0;
1487;50;3;Guillaume Cros;Frankreich;25;0;0;
1488;50;4;Justin Gerlach;Deutschland;21;0;0;
1489;50;15;Marius Grösch;Deutschland;20;1;0;
1490;50;0;Marius Grösch;Deutschland;20;1;0;
1491;50;5;Matthias Kühne;Deutschland;8;0;0;
1492;50;21;Dennis Slamar;Deutschland;30;0;0;
1493;50;9;René Eckardt;Deutschland;26;2;0;
1494;50;23;Sören Eismann;Deutschland;18;4;0;
1495;50;17;Niclas Erlbeck;Deutschland;6;0;0;
1496;50;13;Tom Krahnert;Deutschland;0;0;0;
1497;50;6;Jan Löhmannsröben;Deutschland;28;1;0;
1498;50;0;Jan Löhmannsröben;Deutschland;28;1;0;
1499;50;26;Kevin Pannewitz;Deutschland;9;1;0;
1500;50;25;Justin Schau;Deutschland;2;0;0;
1501;50;0;Justin Schau;Deutschland;2;0;0;
1502;50;10;Maximilian Schlegel;Deutschland;0;0;0;
1503;50;20;Firat Sucsuz;Türkei;23;0;0;
1504;50;0;Maximilian Weiss;Deutschland;2;0;0;
1505;50;8;Maximilian Wolfram;Deutschland;24;3;0;
1506;50;14;Dominik Bock;Deutschland;17;2;0;
1507;50;19;Florian Dietz;Deutschland;23;1;0;
1508;50;18;David Gügör;Deutschland;19;1;0;
1509;50;27;Julian Günther-Schmidt;Deutschland;25;4;0;
1510;50;16;Timo Mauer;Deutschland;10;0;0;
1511;50;11;Manfred Starke;Namibia;23;3;0;
1512;50;7;Timmy Thiele;Deutschland;17;9;0;
1513;51;1;Johannes Brinkies;Deutschland;32;0;0;
1514;51;30;Lukas Cichos;Deutschland;0;0;0;
1515;51;26;Max Sprang;Deutschland;0;0;0;
1516;51;0;Max Sprang;Deutschland;0;0;0;
1517;51;4;Jonas Acquistapace;Deutschland;10;0;0;
1518;51;35;Nico Antonitsch;Österreich;24;3;0;
1519;51;16;Anthony Barylla;Deutschland;22;1;0;
1520;51;0;Anthony Barylla;Deutschland;22;1;0;
1521;51;28;Nils Miatke;Deutschland;30;2;0;
1522;51;5;Ali Obadas;Türkei;2;0;0;
1523;51;17;Morris Schröter;Deutschland;25;0;0;
1524;51;33;Alexander Sorge;Deutschland;0;0;0;
1525;51;3;Moritz Ullmann;Deutschland;0;0;0;
1526;51;7;Bentley Bexter Bahn;Deutschland;22;4;0;
1527;51;19;Davy Frick;Deutschland;27;1;0;
1528;51;11;Ronny Garbuschewski;Deutschland;11;1;0;
1529;51;0;Ronny Garbuschewski;Deutschland;11;1;0;
1530;51;6;Christoph Göbel;Deutschland;11;0;0;
1531;51;24;Julian Hodek;Deutschland;1;0;0;
1532;51;25;Robert Koch;Deutschland;11;1;0;
1533;51;13;Mike Könnecke;Deutschland;30;0;0;
1534;51;20;Rene Lange;Deutschland;30;1;0;
1535;51;8;Christian Mauersberger;Deutschland;8;0;0;
1536;51;0;Christian Mauersberger;Deutschland;8;0;0;
1537;51;27;Fabian Schnabel;Deutschland;4;1;0;
1538;51;22;Sinan Tekerci;Türkei;9;0;0;
1539;51;0;Sinan Tekerci;Türkei;9;0;0;
1540;51;14;Toni Wachsmuth;Deutschland;20;1;0;
1541;51;12;Fridolin Wagner;Deutschland;15;0;0;
1542;51;21;Jan Washausen;Deutschland;10;0;0;
1543;51;9;Fabian Eisele;Deutschland;21;5;0;
1544;51;0;Fabian Eisele;Deutschland;21;5;0;
1545;51;18;Dimitrios Ferfelis;Griechenland;9;0;0;
1546;51;23;Daniel Gremsl;Österreich;9;1;0;
1547;51;15;Ronny König;Deutschland;32;10;0;
1548;51;10;Aykut Öztürk;Türkei;18;1;0;
1549;52;1;David Buchholz;Deutschland;10;0;0;
1550;52;30;Benedikt Fernandez;Deutschland;22;0;0;
1551;52;33;Yannick Zummack;Deutschland;0;0;0;
1552;52;21;Zidane Atalan;Deutschland;0;0;0;
1553;52;25;Tobias Haitz;Deutschland;0;0;0;
1554;52;22;Michael Hohnstedt;Deutschland;6;0;0;
1555;52;23;Alexander Langlitz;Deutschland;23;1;0;
1556;52;4;Gerrit Nauber;Deutschland;0;0;0;
1557;52;27;Nico Neidhart;Deutschland;11;0;0;
1558;52;5;Matthias Rahn;Deutschland;13;0;0;
1559;52;4;Maximilian Rossmann;Deutschland;14;1;0;
1560;52;2;Michael Schulze;Deutschland;24;0;0;
1561;52;7;Dennis Brock;Deutschland;2;0;0;
1562;52;8;Andre Dej;Polen;24;4;0;
1563;52;6;Tim Gorschlüter;Deutschland;1;0;0;
1564;52;15;Moritz Heyer;Deutschland;28;3;0;
1565;52;14;Marco Hober;Deutschland;15;0;0;
1566;52;17;Marcus Piossek;Polen;8;2;0;
1567;52;20;Kevin Pires-Rodrigues;Portugal;14;2;0;
1568;52;28;Joshua Putze;Deutschland;23;1;0;
1569;52;16;Adam Straith;Kanada;28;1;0;
1570;52;3;Tim Wendel;Deutschland;29;0;0;
1571;52;9;Mats Facklam;Dänemark;5;0;0;
1572;52;19;Kevin Freiberger;Deutschland;25;3;0;
1573;52;24;Jaroslaw Lindner;Polen;23;3;0;
1574;52;11;Maximilian Oesterhelweg;Deutschland;26;7;0;
1575;52;10;Bernd Rosinger;Deutschland;16;1;0;
1576;52;29;Max Wegner;Deutschland;16;1;0;
1577;53;21;Marius Gersbeck;Deutschland;30;0;0;
1578;53;1;Tim Paterok;Deutschland;3;0;0;
1579;53;22;Leon Tigges;Deutschland;0;0;0;
1580;53;4;Marcel Appiah;Deutschland;25;0;0;
1581;53;6;Alexander Dercho;Deutschland;0;0;0;
1582;53;5;Konstantin Engel;Kasachstan;14;1;0;
1583;53;27;Kim Falkenberg;Deutschland;7;0;0;
1584;53;2;Marcel Ruschmeier;Deutschland;0;0;0;
1585;53;37;Stephen Sama;Deutschland;11;0;0;
1586;53;17;Adam Susac;Kroatien;27;1;0;
1587;53;16;Marc Wachs;Deutschland;24;1;0;
1588;53;3;Furkan Zorba;Deutschland;4;0;0;
1589;53;14;Ahmet Metin Arslan;Türkei;26;1;0;
1590;53;23;Christian Bickel;Deutschland;3;0;0;
1591;53;13;Tim Danneberg;Deutschland;32;7;0;
1592;53;10;Christian Groß;Deutschland;29;0;0;
1593;53;26;Sebastian Klaas;Deutschland;6;2;0;
1594;53;29;Kamer Krasniqi;Albanien;13;1;0;
1595;53;28;Tim Moller;Deutschland;0;0;0;
1596;53;11;Marcos Alvarez;Peru;28;8;0;
1597;53;20;Marc Heider;Vereinigte Staaten;28;8;0;
1598;53;25;Emmanuel Iyoha;Deutschland;20;3;0;
1599;53;18;Robert Kristo;Vereinigte Staaten;8;0;0;
1600;53;15;Jules Reimerink;Niederlande;27;5;0;
1601;53;7;Bashkim Renneke;Deutschland;21;1;0;
1602;53;9;Halil Savran;Deutschland;11;2;0;
1603;53;8;Utku Sen;Deutschland;7;0;0;
1604;53;19;Steffen Tigges;Deutschland;25;1;0;
1605;54;30;Lucas Hiemann;Deutschland;0;0;0;
1606;54;22;Kevin Kunz;Deutschland;23;0;0;
1607;54;32;Kevin Rene Tittel;Deutschland;10;0;0;
1608;54;26;Janik Bachmann;Deutschland;10;0;0;
1609;54;0;Janik Bachmann;Deutschland;10;0;0;
1610;54;5;Marc Endres;Deutschland;24;1;0;
1611;54;33;Marcus Hoffmann;Deutschland;3;0;0;
1612;54;14;Jan Koch;Deutschland;8;0;0;
1613;54;13;Fabio Leutenecker;Deutschland;22;0;0;
1614;54;0;Fabio Leutenecker;Deutschland;22;0;0;
1615;54;3;Emmanuel Mbende;Kamerun;8;0;0;
1616;54;25;Marcus Mlynikowski;Deutschland;22;0;0;
1617;54;0;Marcus Mlynikowski;Deutschland;22;0;0;
1618;54;31;Tom Scheffel;Deutschland;18;0;0;
1619;54;23;Mikko Sumusalo;Finnland;11;1;0;
1620;54;18;Maurice Trapp;Deutschland;19;1;0;
1621;54;0;Maurice Trapp;Deutschland;19;1;0;
1622;54;21;Laurin von Piechowski;Deutschland;19;2;0;
1623;54;0;Laurin von Piechowski;Deutschland;19;2;0;
1624;54;10;Okan Aydin;Türkei;17;0;0;
1625;54;0;Okan Aydin;Türkei;17;0;0;
1626;54;29;Tom Baumgart;Deutschland;23;5;0;
1627;54;19;Alexander Dartsch;Deutschland;10;0;0;
1628;54;2;Raphael Jamil Dem;Deutschland;0;0;0;
1629;54;15;Paul-Luis Eckhardt;Deutschland;0;0;0;
1630;54;7;Dennis Grote;Deutschland;28;2;0;
1631;54;8;Björn Kluft;Deutschland;25;3;0;
1632;54;6;Julius Reinhardt;Deutschland;31;2;0;
1633;54;20;Marvin Thiele;Deutschland;2;0;0;
1634;54;0;Marvin Thiele;Deutschland;2;0;0;
1635;54;9;Florian Trinks;Deutschland;8;0;0;
1636;54;0;Florian Trinks;Deutschland;8;0;0;
1637;54;19;Philip Türpitz;Deutschland;0;0;0;
1638;54;28;Danny Breitfelder;Deutschland;8;0;0;
1639;54;11;Daniel Frahn;Deutschland;27;11;0;
1640;54;24;Florian Hansch;Deutschland;32;2;0;
1641;54;27;Myroslav Slavov;Ukraine;30;10;0;
1642;54;0;Myroslav Slavov;Ukraine;30;10;0;
1643;56;22;Tobias Duffner;Deutschland;3;0;0;
1644;56;43;Eric Oelschlägel;Deutschland;31;0;0;
1645;56;1;Dario Thurkauf;Schweiz;0;0;0;
1646;56;19;Lars Bunning;Deutschland;13;0;0;
1647;56;15;Mattis Daube;Deutschland;0;0;0;
1648;56;21;Philipp Eggersglüß;Deutschland;31;1;0;
1649;56;8;Marco Kaffenberger;Deutschland;0;0;0;
1650;56;28;Jesper Verlaat;Niederlande;17;1;0;
1651;56;5;Dominic Volkmer;Deutschland;30;0;0;
1652;56;23;Boubacar Barry;Deutschland;6;0;0;
1653;56;4;Damir Bektic;Deutschland;1;0;0;
1654;56;7;Leon Jensen;Deutschland;28;3;0;
1655;56;20;Marc-André Kruska;Deutschland;11;1;0;
1656;56;31;Marc Pfitzner;Deutschland;23;0;0;
1657;56;6;Dennis Rosin;Deutschland;18;1;0;
1658;56;38;Niklas Schmidt;Deutschland;25;2;0;
1659;56;0;Niklas Schmidt;Deutschland;25;2;0;
1660;56;27;Idrissa Touré;Deutschland;30;2;0;
1661;56;26;Jannes Vollert;Deutschland;22;0;0;
1662;56;25;Fridolin Wagner;Deutschland;11;0;0;
1663;56;0;Fridolin Wagner;Deutschland;11;0;0;
1664;56;18;Leander Wasmus;Deutschland;0;0;0;
1665;56;42;Tian Ci;China;0;0;0;
1666;56;24;Johannes Eggestein;Deutschland;16;0;0;
1667;56;0;Johannes Eggestein;Deutschland;16;0;0;
1668;56;0;Justin Eilers;Deutschland;3;0;0;
1669;56;32;Rafael Kazior;Deutschland;26;5;0;
1670;56;39;Melvin Krol;Deutschland;4;0;0;
1671;56;47;Ousman Manneh;Unbekannt;17;5;0;
1672;56;37;Jonah Osabutey;Ghana;0;0;0;
1673;56;0;Josh Sargent;Vereinigte Staaten;0;0;0;
1674;56;29;Isaiah Young;Vereinigte Staaten;25;0;0;
1675;55;23;Max Engl;Deutschland;0;0;0;
1676;55;1;Philipp Mickel Klewin;Deutschland;30;0;0;
1677;55;31;Julian Knoll;Deutschland;1;0;0;
1678;55;2;Charalampos Prokopios Chantzopoulos;Griechenland;1;0;0;
1679;55;4;Berkay Dabanli;Deutschland;18;1;0;
1680;55;16;Kusi Kwame;Ghana;9;0;0;
1681;55;6;André Laurito;Deutschland;17;3;0;
1682;55;21;Jens Möckel;Deutschland;23;1;0;
1683;55;5;Florian Neuhold;Österreich;17;2;0;
1684;55;17;Luka Marino Odak;Kroatien;25;0;0;
1685;55;28;Wilfried Sarr;Deutschland;8;0;0;
1686;55;14;Marius Wegmann;Deutschland;1;0;0;
1687;55;29;Samir Benamar;Marokko;15;0;0;
1688;55;7;Theodor Bergmann;Deutschland;16;1;0;
1689;55;19;Merveille Biankadi;Kongo DR;28;1;0;
1690;55;10;Daniel Brückner;Deutschland;21;0;0;
1691;55;11;Nermin Crnkic;Bosnien-Herzegowina;10;2;0;
1692;55;30;Marcel Kaffenberger;Deutschland;9;0;0;
1693;55;33;Tobias Kraulich;Deutschland;4;0;0;
1694;55;15;Lion Lauberbach;Deutschland;19;1;0;
1695;55;13;Alexander Ludwig;Dänemark;11;0;0;
1696;55;18;Ahmed Wassem Razeek;Sri Lanka;24;3;0;
1697;55;24;Morten Rüdiger;Deutschland;11;0;0;
1698;55;25;Max Schwitalla;Deutschland;1;0;0;
1699;55;8;Liridon Vocaj;Albanien;10;0;0;
1700;55;37;Christopher Bieber;Deutschland;17;1;0;
1701;55;32;Elias Huth;Deutschland;30;6;0;
1702;55;27;Carsten Kammlott;Deutschland;21;1;0;
1703;55;20;Bastian Kurz;Deutschland;21;0;0;
1704;55;9;Tugay Uzan;Deutschland;6;2;0;